video1.webm,0.753156010693402,1
video1000.webm,0.781746251751281,1
video1002.webm,0.7966634564698564,1
video1008.webm,0.7894586036809085,1
video1010.webm,0.7770429425250754,1
video1011.webm,0.794903389712966,1
video1013.webm,0.7873940470386445,1
video1016.webm,0.7689235660362382,1
video1018.webm,0.7802077598016224,1
video1026.webm,0.7676337750072066,1
video1029.webm,0.823899883608926,1
video103.webm,0.7700132363762265,1
video1034.webm,0.7795845226958842,1
video1037.webm,0.7982537530855507,1
video1058.webm,0.8016648878800766,1
video1059.webm,0.7593202482849851,1
video1062.webm,0.7814856958273935,1
video1068.webm,0.7857979699421693,1
video1072.webm,0.7689147427743953,1
video1082.webm,0.7880069336268678,1
video1087.webm,0.7762613439873071,1
video109.webm,0.798188256304347,1
video1092.webm,0.7809108383677412,1
video1094.webm,0.8149793453585628,1
video1096.webm,0.8023467508327375,1
video1098.webm,0.7826532258764918,1
video11.webm,0.7882392384515902,1
video1101.webm,0.8181446176839652,1
video1108.webm,0.7742900844062087,1
video111.webm,0.7973472626511771,1
video1113.webm,0.7633484922977549,1
video1120.webm,0.7546506440971762,1
video1123.webm,0.795426886859227,1
video1126.webm,0.7726689938385739,1
video1130.webm,0.7618619251412149,1
video1138.webm,0.8098292639731193,1
video1140.webm,0.800644769167424,1
video1141.webm,0.7512477533345883,1
video1142.webm,0.7692826078342808,1
video1151.webm,0.7840011471243545,1
video1155.webm,0.7816368292065701,1
video1157.webm,0.8099420465958462,1
video1158.webm,0.7929521831581581,1
video116.webm,0.7791765119624453,1
video1169.webm,0.7807996665462887,1
video117.webm,0.7825126077797282,1
video1172.webm,0.7731151151679387,1
video1179.webm,0.7713957320343184,1
video118.webm,0.7983955456731491,1
video1180.webm,0.7819679026439418,1
video1187.webm,0.7551704100815206,1
video1206.webm,0.7772768494675815,1
video1209.webm,0.7586198518281864,1
video1218.webm,0.8010730469759508,1
video1226.webm,0.7660056597931698,1
video1227.webm,0.7823549132911999,1
video1232.webm,0.7887354437144344,1
video1237.webm,0.7990145606334892,1
video1240.webm,0.7579194376754023,1
video1248.webm,0.7530233891994533,1
video1252.webm,0.7709445890889668,1
video1262.webm,0.8043882290572488,1
video1268.webm,0.8145237783154883,1
video1269.webm,0.7653415349110303,1
video127.webm,0.7618095783411811,1
video1271.webm,0.7912273338140564,1
video1276.webm,0.8227669131785295,1
video1279.webm,0.7581929876957216,1
video1287.webm,0.8105718686618971,1
video1292.webm,0.7692421641522383,1
video1302.webm,0.7892522959944739,1
video1303.webm,0.7492509993648173,1
video1304.webm,0.7618621733979938,1
video1306.webm,0.7587919670237872,1
video1308.webm,0.7851936942254718,1
video1313.webm,0.7933633381715721,1
video1314.webm,0.8228154300075654,1
video1316.webm,0.7402315811019397,1
video1318.webm,0.7444473906578385,1
video1320.webm,0.7602229951057646,1
video1323.webm,0.7889901987090292,1
video1326.webm,0.7512841797944336,1
video1327.webm,0.7916459120090442,1
video1331.webm,0.7479553879439588,1
video1334.webm,0.7708900305801978,1
video1339.webm,0.7747373045989461,1
video134.webm,0.756413228750346,1
video1344.webm,0.6997501492223719,1
video1349.webm,0.7711908016568748,1
video135.webm,0.7332083142000071,1
video1350.webm,0.7956914543489333,1
video1360.webm,0.7731403380436749,1
video1361.webm,0.7735329728216755,1
video1362.webm,0.7807750462190639,1
video1370.webm,0.8028963637393485,1
video1372.webm,0.8060366214646059,1
video1374.webm,0.8017830766282131,1
video1376.webm,0.8053873306613097,1
video1379.webm,0.7951139372726518,1
video1381.webm,0.7267806575946194,1
video1384.webm,0.7986342231992231,1
video139.webm,0.7454891081140029,1
video1390.webm,0.8127280302321501,1
video1391.webm,0.8046683403367311,1
video1396.webm,0.7629018820412399,1
video14.webm,0.775741623527261,1
video1400.webm,0.7242390232908578,1
video1418.webm,0.8004766799278318,1
video1424.webm,0.7807006333161702,1
video1425.webm,0.796589343060305,1
video144.webm,0.7665932959895795,1
video1442.webm,0.7711252296382598,1
video1448.webm,0.7737514148906776,1
video1450.webm,0.7856753295552661,1
video1468.webm,0.7967429862076443,1
video1469.webm,0.7724021278542659,1
video147.webm,0.8066149168469938,1
video1475.webm,0.803411946652383,1
video148.webm,0.7536129284839148,1
video1495.webm,0.7711804694169124,1
video15.webm,0.773147678267765,1
video1500.webm,0.7832539129232367,1
video1501.webm,0.8141241430610275,1
video1512.webm,0.8012554427080771,1
video152.webm,0.8004564098023542,1
video1520.webm,0.7636517876702261,1
video1521.webm,0.7822708567075005,1
video1523.webm,0.8102242893254115,1
video1532.webm,0.7869534745453612,1
video1545.webm,0.7479430424438985,1
video1552.webm,0.7991438193501957,1
video1557.webm,0.7033675767945957,1
video1566.webm,0.7355247942549863,1
video1567.webm,0.7822936466322047,1
video1568.webm,0.8043896471162961,1
video1577.webm,0.7608017708556465,1
video1578.webm,0.7665699386434016,1
video1579.webm,0.7698090814263195,1
video1582.webm,0.8227903463388678,1
video1585.webm,0.8088734359596955,1
video1587.webm,0.7732820122132497,1
video1588.webm,0.7386870513075838,1
video1589.webm,0.7804542088440048,1
video1616.webm,0.7532369022298495,1
video1617.webm,0.7500923659454373,1
video1620.webm,0.8196175173071792,1
video1621.webm,0.7239170273072714,1
video1622.webm,0.7798943794334394,1
video1623.webm,0.7911516801843856,1
video1624.webm,0.7639502235764776,1
video1626.webm,0.771476981810724,1
video1635.webm,0.7283304914296463,1
video1641.webm,0.7747674625171062,1
video1650.webm,0.7869002886431923,1
video1651.webm,0.774518516025443,1
video1653.webm,0.7765442399581932,1
video1659.webm,0.7890683870874564,1
video1666.webm,0.7458188101929938,1
video1668.webm,0.8177621851832552,1
video1671.webm,0.7937846685194974,1
video169.webm,0.7431597375812031,1
video1692.webm,0.8021558040653507,1
video1706.webm,0.7845206838327571,1
video1710.webm,0.7640030117176558,1
video1712.webm,0.809977589348221,1
video1713.webm,0.7113498077764572,1
video1720.webm,0.775588074491691,1
video1723.webm,0.7942725606278469,1
video1726.webm,0.7794973142759807,1
video1728.webm,0.7935141628181259,1
video174.webm,0.7927362436148342,1
video1752.webm,0.7701799831857999,1
video1754.webm,0.7831560213100262,1
video1773.webm,0.8095613857488025,1
video1775.webm,0.7737135592709057,1
video1776.webm,0.7763714755336436,1
video1783.webm,0.7735596374976295,1
video1787.webm,0.8022572583522833,1
video1788.webm,0.6955809702949802,1
video1791.webm,0.7568223315518029,1
video1792.webm,0.7455285413611928,1
video1796.webm,0.7942498556287404,1
video1798.webm,0.7791429065900406,1
video1808.webm,0.7714754443211874,1
video181.webm,0.810466734687213,1
video1816.webm,0.7849976991051015,1
video1820.webm,0.8023096731911663,1
video1831.webm,0.8144579858962278,1
video1836.webm,0.7961945089928111,1
video1840.webm,0.7759823108383145,1
video1842.webm,0.7456836404473497,1
video1845.webm,0.7564279694150207,1
video1853.webm,0.785952434521101,1
video1856.webm,0.7473976918516112,1
video1870.webm,0.7604868166549914,1
video1875.webm,0.7992093508563413,1
video1876.webm,0.7779547225006382,1
video1890.webm,0.7725153971239231,1
video1892.webm,0.7646581284129917,1
video1902.webm,0.7453217230553617,1
video1910.webm,0.7648285803101679,1
video1917.webm,0.6723191248180304,1
video1925.webm,0.7675856537031683,1
video1927.webm,0.7928113356784718,1
video1930.webm,0.7470660648733529,1
video1932.webm,0.7645277774808428,1
video1935.webm,0.8003276158372292,1
video194.webm,0.762106861958322,1
video1945.webm,0.7648272651078408,1
video1949.webm,0.8023863080460404,1
video1959.webm,0.8141408555717773,1
video197.webm,0.7277128753863121,1
video1970.webm,0.7684201726229403,1
video1972.webm,0.7587738302336826,1
video1978.webm,0.7861889818832173,1
video1987.webm,0.795989808883056,1
video1992.webm,0.7720396589480838,1
video1994.webm,0.7863057114854328,1
video2.webm,0.7456047623494051,1
video2000.webm,0.7985579662342759,1
video2006.webm,0.7346164221161661,1
video2007.webm,0.6840490636943031,1
video2010.webm,0.7825054737993594,1
video2015.webm,0.7487522329537895,1
video2017.webm,0.7830719720078608,1
video202.webm,0.7792944188319021,1
video2021.webm,0.7382258461437589,1
video2023.webm,0.7785143028742483,1
video2039.webm,0.7898125504724004,1
video204.webm,0.7380568681469523,1
video2040.webm,0.799437852085323,1
video2043.webm,0.7825009587774796,1
video2047.webm,0.7168469718544507,1
video2048.webm,0.6963347986899789,1
video2053.webm,0.7588857000123749,1
video2056.webm,0.7794203434736178,1
video2057.webm,0.7136851494320698,1
video2067.webm,0.7697473326036672,1
video2080.webm,0.7821054947984065,1
video2081.webm,0.7834664835882825,1
video2083.webm,0.7479343264187158,1
video2084.webm,0.8330954972596977,1
video2085.webm,0.7527742842527719,1
video2090.webm,0.7771609879471575,1
video2092.webm,0.7955672288401279,1
video2094.webm,0.790294369051948,1
video2096.webm,0.8045573681775006,1
video2099.webm,0.7735975849353313,1
video2102.webm,0.7660550272367004,1
video2109.webm,0.800377505214533,1
video2110.webm,0.8208708158552239,1
video2113.webm,0.7007485351797904,1
video2123.webm,0.7640020452334164,1
video213.webm,0.7674875291552475,1
video2134.webm,0.7626228156384562,1
video2139.webm,0.7953996300282606,1
video2142.webm,0.7704779393672075,1
video2154.webm,0.711871368307423,1
video2158.webm,0.7957591287260695,1
video2160.webm,0.7928949480248315,1
video2161.webm,0.793913702489483,1
video2164.webm,0.7650644835227999,1
video2167.webm,0.7665093333504379,1
video2170.webm,0.8089608498542072,1
video2174.webm,0.7584613551067021,1
video219.webm,0.7530690911634901,1
video2194.webm,0.7625883176386516,1
video2195.webm,0.7645603755216221,1
video2196.webm,0.7672284789581146,1
video2198.webm,0.7771274041507592,1
video2204.webm,0.7603657182581118,1
video2216.webm,0.8172133729939982,1
video2219.webm,0.7703288530556766,1
video2225.webm,0.7988997020024617,1
video2229.webm,0.7371194248550861,1
video2230.webm,0.7857483176234128,1
video2231.webm,0.8106425619311277,1
video2241.webm,0.8337444710971713,1
video2243.webm,0.788758557205491,1
video2247.webm,0.7787143061896844,1
video226.webm,0.7663873959266054,1
video2265.webm,0.7801458363468086,1
video2269.webm,0.7785529582015516,1
video2271.webm,0.8043996573437702,1
video2277.webm,0.780141253204394,1
video2279.webm,0.7548474028481643,1
video2281.webm,0.8074575164114169,1
video2287.webm,0.7700827306921151,1
video2288.webm,0.7677408258055961,1
video229.webm,0.8094414783800592,1
video2294.webm,0.8044473712007476,1
video2299.webm,0.7593621715657191,1
video230.webm,0.7892486365256193,1
video2305.webm,0.7820623085450772,1
video2307.webm,0.7748742867809386,1
video2313.webm,0.780275161573316,1
video232.webm,0.8215051003636391,1
video2320.webm,0.7789079964444764,1
video2331.webm,0.7854705333835255,1
video2333.webm,0.8214428159025995,1
video2338.webm,0.7838468476776691,1
video2346.webm,0.7908005098197135,1
video235.webm,0.750739495922219,1
video2350.webm,0.8082075178413666,1
video2366.webm,0.7780823219939229,1
video2368.webm,0.8057284530686851,1
video2371.webm,0.7646514979938477,1
video2378.webm,0.8064096770795575,1
video2384.webm,0.8001539509037231,1
video2390.webm,0.7785080919444203,1
video2392.webm,0.7915912580180192,1
video24.webm,0.6992257951541508,1
video2401.webm,0.7816276135932692,1
video2407.webm,0.7623134971626975,1
video2409.webm,0.774052595970481,1
video2415.webm,0.788579824821738,1
video2416.webm,0.7783909928724989,1
video2417.webm,0.7467113563913841,1
video242.webm,0.7795940448951868,1
video2427.webm,0.793531435615028,1
video2428.webm,0.7851825582466826,1
video2439.webm,0.7471045829656613,1
video2442.webm,0.799195406191016,1
video2451.webm,0.7855273105589435,1
video2452.webm,0.8007967742533837,1
video246.webm,0.7677257921344889,1
video2462.webm,0.803531629056299,1
video2465.webm,0.7949514081410815,1
video2468.webm,0.8071979374838476,1
video2481.webm,0.7815764757651978,1
video2487.webm,0.7566281841780905,1
video2493.webm,0.7877417250454248,1
video2503.webm,0.7952279338442265,1
video2504.webm,0.7910728783324077,1
video2506.webm,0.7559303469447897,1
video2510.webm,0.7637745982980524,1
video2511.webm,0.7815303933093518,1
video2518.webm,0.8189643107705493,1
video252.webm,0.7550952531903876,1
video2521.webm,0.7610806607373826,1
video2522.webm,0.774201650389569,1
video2526.webm,0.764210803253985,1
video2534.webm,0.781028774485534,1
video2537.webm,0.7645922929439353,1
video2544.webm,0.827473119185229,1
video2560.webm,0.7418636346244731,1
video2563.webm,0.8022699088875012,1
video2565.webm,0.8018984122209943,1
video2572.webm,0.7923807790722097,1
video2577.webm,0.7442956242118512,1
video2578.webm,0.7881200357330714,1
video2579.webm,0.7584651127335521,1
video2590.webm,0.7462322968440076,1
video2595.webm,0.7800289110377221,1
video2606.webm,0.8009910581559454,1
video2611.webm,0.7600663610732965,1
video2612.webm,0.7335196991467337,1
video2617.webm,0.7843658432529071,1
video262.webm,0.7311889733966362,1
video2624.webm,0.7685118851102906,1
video2626.webm,0.803598948138014,1
video263.webm,0.8012563080743546,1
video2631.webm,0.7843088889185464,1
video2633.webm,0.8215360449322154,1
video264.webm,0.793547389527139,1
video2644.webm,0.8077197863613448,1
video2648.webm,0.781022626299043,1
video2657.webm,0.7618863883218847,1
video266.webm,0.7967608858897925,1
video2661.webm,0.7841266398119306,1
video2662.webm,0.8021132349097962,1
video2675.webm,0.7471140903522111,1
video2676.webm,0.8155187188190354,1
video2679.webm,0.8003257063740377,1
video268.webm,0.7948219886474703,1
video2683.webm,0.8016286035750629,1
video2692.webm,0.7770830637275097,1
video2697.webm,0.7903145534948767,1
video2698.webm,0.7910253208649922,1
video2699.webm,0.7849646550004277,1
video270.webm,0.7689134141237308,1
video2716.webm,0.7883752837346973,1
video2720.webm,0.8077924503911624,1
video2721.webm,0.781393196717801,1
video2723.webm,0.7892923074916463,1
video2725.webm,0.7859006879841852,1
video2730.webm,0.7619534096663632,1
video2735.webm,0.7898261369791039,1
video2746.webm,0.7723396980262942,1
video2751.webm,0.7846500266284193,1
video2752.webm,0.7110924854466041,1
video2753.webm,0.7937647554777834,1
video2754.webm,0.7960893312063351,1
video2766.webm,0.7883903320089869,1
video2768.webm,0.7717138977251012,1
video2776.webm,0.7921905792945644,1
video2778.webm,0.7924173887127087,1
video2783.webm,0.7490684285467528,1
video2790.webm,0.8046890385716101,1
video2795.webm,0.7665940670382978,1
video2806.webm,0.7873620787449294,1
video2810.webm,0.7682953081385568,1
video2814.webm,0.8149682470866507,1
video2815.webm,0.7223392172296401,1
video2818.webm,0.7645382987054057,1
video2820.webm,0.8025790762002134,1
video2822.webm,0.8076958464053446,1
video2824.webm,0.7932680165203461,1
video2837.webm,0.8078928623817077,1
video2842.webm,0.7926938783950201,1
video2847.webm,0.7726979226911418,1
video285.webm,0.7968588483037259,1
video2851.webm,0.7947308068372054,1
video2852.webm,0.7945106778591755,1
video2854.webm,0.7748364002319801,1
video2856.webm,0.7933081496620287,1
video2858.webm,0.7055575035839778,1
video286.webm,0.7280311088087325,1
video2864.webm,0.798494267022009,1
video2870.webm,0.7905659828673606,1
video2872.webm,0.7961921509540083,1
video2873.webm,0.7780600226388277,1
video2877.webm,0.8006711320930053,1
video2885.webm,0.7727423754979126,1
video289.webm,0.7895144662160477,1
video2890.webm,0.8306567704449077,1
video2905.webm,0.8275006368358153,1
video2912.webm,0.7749485839452432,1
video2918.webm,0.8119714458574934,1
video2926.webm,0.7896222568652108,1
video2940.webm,0.7589623730014752,1
video2950.webm,0.7511863767112128,1
video2957.webm,0.7412272768820707,1
video2966.webm,0.8062280640456692,1
video2969.webm,0.7683242309884004,1
video2975.webm,0.7640972499744174,1
video2976.webm,0.7833634858667523,1
video2980.webm,0.7927803094291801,1
video2989.webm,0.8114406750874028,1
video2993.webm,0.7863749630813028,1
video2995.webm,0.7208595494568998,1
video3008.webm,0.7999082059406365,1
video3011.webm,0.802972313733135,1
video3013.webm,0.7621275279310894,1
video3016.webm,0.7990163268329299,1
video3017.webm,0.7377261578732308,1
video3027.webm,0.7863480787265267,1
video3033.webm,0.779833281602535,1
video3034.webm,0.7982561342692319,1
video3038.webm,0.789849753224405,1
video3045.webm,0.780846364957854,1
video3052.webm,0.7601580299277351,1
video3064.webm,0.8205879617642244,1
video307.webm,0.784955765360147,1
video3070.webm,0.80571984835594,1
video3071.webm,0.7274258914706168,1
video3075.webm,0.8036064196458149,1
video3081.webm,0.778181389890612,1
video3083.webm,0.7515456920424551,1
video3085.webm,0.7957874995023833,1
video3088.webm,0.7955557133105093,1
video309.webm,0.7863668476043395,1
video3108.webm,0.8431712110478196,1
video3110.webm,0.8052258046647878,1
video3115.webm,0.7675924010304257,1
video312.webm,0.7706580977734401,1
video314.webm,0.7861617774785743,1
video3140.webm,0.7659856070929624,1
video3141.webm,0.8033524729455789,1
video3143.webm,0.7625792562244735,1
video3148.webm,0.8092077438240567,1
video3156.webm,0.8021977691542617,1
video3157.webm,0.7816450770217982,1
video3164.webm,0.7372168202921713,1
video3166.webm,0.812174781145606,1
video3170.webm,0.7998377972675005,1
video3174.webm,0.8066457104143254,1
video3198.webm,0.7457530249445522,1
video320.webm,0.728181706485071,1
video3203.webm,0.757514317102521,1
video3209.webm,0.7749952084890765,1
video3210.webm,0.8038858826262785,1
video3219.webm,0.7753380303355862,1
video3222.webm,0.7869038208575044,1
video3226.webm,0.8038572196630973,1
video3228.webm,0.7442384678756047,1
video3229.webm,0.8182562918736225,1
video3233.webm,0.7628861490632042,1
video3234.webm,0.7565816887821198,1
video3240.webm,0.8086988512070974,1
video3241.webm,0.7870313671049025,1
video3253.webm,0.7565115935705746,1
video3257.webm,0.7616460684529418,1
video3260.webm,0.819602346637868,1
video3267.webm,0.808032979667511,1
video3272.webm,0.7696238895859019,1
video3274.webm,0.7894802893757699,1
video3279.webm,0.7919930429838762,1
video328.webm,0.8055989249299664,1
video3289.webm,0.7904952598854629,1
video3290.webm,0.793141948790588,1
video3293.webm,0.8237610729468832,1
video3295.webm,0.7869019027177433,1
video3296.webm,0.7834311118891214,1
video3298.webm,0.7922679350704214,1
video3300.webm,0.7987132175132365,1
video3302.webm,0.7664844052886775,1
video3303.webm,0.7968762543746752,1
video3306.webm,0.8032747972815147,1
video3310.webm,0.7777190776966166,1
video3312.webm,0.7677763067423156,1
video3320.webm,0.7681185568943913,1
video3326.webm,0.8421888920491731,1
video3332.webm,0.7683729680892701,1
video3336.webm,0.7968877849672229,1
video3337.webm,0.8064648113616761,1
video3342.webm,0.7959465266614679,1
video3345.webm,0.7588494834283083,1
video3347.webm,0.8154527314251963,1
video3349.webm,0.8077151403515289,1
video3350.webm,0.7857193984625958,1
video3355.webm,0.7941199251633636,1
video3356.webm,0.77437272225352,1
video3360.webm,0.7858661904372974,1
video3364.webm,0.7740545411258125,1
video3366.webm,0.7662506550496407,1
video3369.webm,0.8264787752719733,1
video337.webm,0.7884979315154332,1
video3372.webm,0.7713242150913896,1
video3374.webm,0.8072168434456956,1
video3378.webm,0.7886255402978313,1
video3381.webm,0.7737626913260599,1
video3383.webm,0.762516356004115,1
video3385.webm,0.8072850932001996,1
video3413.webm,0.782245919709208,1
video3419.webm,0.7652210578049071,1
video3422.webm,0.7976351088368343,1
video3424.webm,0.7536853901946051,1
video3429.webm,0.7989190184591006,1
video343.webm,0.7855669655979867,1
video3432.webm,0.7775663755279396,1
video3437.webm,0.7569812890185532,1
video3438.webm,0.7601235668478308,1
video3443.webm,0.7147754831524078,1
video3445.webm,0.8038193472723477,1
video3446.webm,0.7671951383786058,1
video3458.webm,0.7780734421411928,1
video3461.webm,0.8047935516527229,1
video3464.webm,0.7859567451868023,1
video3467.webm,0.7702048319948265,1
video3469.webm,0.7838055904730297,1
video3473.webm,0.7561296687734591,1
video3475.webm,0.8208962858599155,1
video3483.webm,0.786986100650784,1
video3484.webm,0.8054712093357957,1
video3485.webm,0.7764596171648904,1
video3486.webm,0.753413817012694,1
video3494.webm,0.7774666722840352,1
video350.webm,0.8095670405713529,1
video3502.webm,0.7839182267945155,1
video3514.webm,0.7684974946318932,1
video3520.webm,0.8131618581225867,1
video3521.webm,0.7620022634962262,1
video3522.webm,0.7161214945029488,1
video3531.webm,0.7057937640815629,1
video3541.webm,0.7787234053755244,1
video3542.webm,0.7869640221174525,1
video3544.webm,0.6895314136827781,1
video3548.webm,0.7992309874527562,1
video3549.webm,0.8023004023256646,1
video3550.webm,0.7402875133158889,1
video3552.webm,0.7693239706955154,1
video3559.webm,0.7569171258827625,1
video3562.webm,0.7656410681620223,1
video3565.webm,0.8051002933768344,1
video3566.webm,0.7707955003294038,1
video3568.webm,0.7354903579163122,1
video3573.webm,0.7898741897779249,1
video3581.webm,0.7970204142416525,1
video3586.webm,0.7387771658992959,1
video3587.webm,0.7960457199080646,1
video3589.webm,0.7786032546871465,1
video3594.webm,0.768187616344708,1
video360.webm,0.7973253580754874,1
video3600.webm,0.770368758186342,1
video3609.webm,0.7610354304619226,1
video3615.webm,0.7946711780798623,1
video3621.webm,0.816408907942999,1
video3623.webm,0.7671984711767571,1
video3625.webm,0.7931018183703495,1
video363.webm,0.8087488215419603,1
video3630.webm,0.7603767314701344,1
video3633.webm,0.7384759750346743,1
video3638.webm,0.7684227730411589,1
video3640.webm,0.8244717974117973,1
video3644.webm,0.7880437090449526,1
video3645.webm,0.7511861848340236,1
video3646.webm,0.7583278149283488,1
video3648.webm,0.7681557104163973,1
video3651.webm,0.7780064002856061,1
video3658.webm,0.8186070086287782,1
video3660.webm,0.7521991726722881,1
video3661.webm,0.7955410418679656,1
video3670.webm,0.7516252238632918,1
video3671.webm,0.7803655465908329,1
video3674.webm,0.7611879560740943,1
video3678.webm,0.7848172703824604,1
video3681.webm,0.7607370891820423,1
video3684.webm,0.754021371404743,1
video3687.webm,0.7833606799566863,1
video3689.webm,0.7955679494186718,1
video3695.webm,0.8074343370570561,1
video3703.webm,0.7443621904249972,1
video3706.webm,0.8000145451137682,1
video3708.webm,0.7593124118976644,1
video3709.webm,0.8079691116860509,1
video3716.webm,0.8065680511914735,1
video3722.webm,0.7357349682436727,1
video3725.webm,0.7814809266964361,1
video3729.webm,0.7602257828906773,1
video374.webm,0.8271202690299947,1
video3743.webm,0.7550957303071869,1
video3744.webm,0.7693900330152439,1
video3753.webm,0.8212751807908187,1
video376.webm,0.778886727989375,1
video3774.webm,0.7726900667938683,1
video3775.webm,0.7972721079968709,1
video3781.webm,0.7552752311929185,1
video3782.webm,0.7663268336088402,1
video3796.webm,0.7498974823607655,1
video380.webm,0.7856712923430031,1
video3805.webm,0.7831072614347206,1
video3806.webm,0.7471139288006763,1
video3808.webm,0.8041771604015909,1
video3823.webm,0.7924031254210452,1
video3826.webm,0.7532423872468244,1
video3827.webm,0.7732693952964251,1
video383.webm,0.7939045319890381,1
video3830.webm,0.795830353938165,1
video3841.webm,0.7888269449727758,1
video3848.webm,0.7849804986156962,1
video3856.webm,0.7777829124024578,1
video3865.webm,0.7518528608364801,1
video3870.webm,0.7476309393118805,1
video3875.webm,0.790649699111283,1
video3876.webm,0.767349296052048,1
video3878.webm,0.8082287170493241,1
video3879.webm,0.8323046391576299,1
video388.webm,0.7704896557013743,1
video3883.webm,0.7952907791035784,1
video3888.webm,0.7820655348036744,1
video3900.webm,0.7776068828635891,1
video3902.webm,0.7949404355372622,1
video3906.webm,0.7830266706398235,1
video3911.webm,0.7675420945171496,1
video3915.webm,0.7644600136199622,1
video3916.webm,0.7637519002729213,1
video3920.webm,0.7699492526451365,1
video3921.webm,0.7740774449657362,1
video3930.webm,0.7698691915733149,1
video3934.webm,0.8043082622381883,1
video3935.webm,0.7814739516260371,1
video3939.webm,0.7916721529111306,1
video3945.webm,0.7925007875478206,1
video3947.webm,0.8009920938531562,1
video3948.webm,0.7788381683392149,1
video3950.webm,0.7958385792769825,1
video3951.webm,0.7961153994411739,1
video3954.webm,0.8012316984788528,1
video3958.webm,0.7974960400114565,1
video3959.webm,0.7884252473404476,1
video3963.webm,0.7617076399958411,1
video3966.webm,0.7701851670639217,1
video397.webm,0.768545228530966,1
video3973.webm,0.7744768218210251,1
video3978.webm,0.789832766199263,1
video3987.webm,0.7758086516192413,1
video3990.webm,0.7985357980382415,1
video3992.webm,0.7765147766946298,1
video3996.webm,0.7652619392100686,1
video3998.webm,0.8077174157559857,1
video3999.webm,0.7845157497678068,1
video4001.webm,0.7762562327122572,1
video4002.webm,0.7919646867606246,1
video4013.webm,0.7916305820380122,1
video4019.webm,0.7719218824521779,1
video4021.webm,0.7958410785260606,1
video4023.webm,0.8099567828063845,1
video4025.webm,0.7560152320206904,1
video4027.webm,0.7854611032086398,1
video4034.webm,0.7802499487195179,1
video4036.webm,0.764631457746452,1
video4037.webm,0.763622750167741,1
video4038.webm,0.7943267223648387,1
video4041.webm,0.782420971584914,1
video4042.webm,0.8206217533862027,1
video4048.webm,0.716211925495012,1
video4053.webm,0.8022867000753491,1
video406.webm,0.7948881043759445,1
video4072.webm,0.7316024304496673,1
video4073.webm,0.8102779693511188,1
video4076.webm,0.774940967811554,1
video4084.webm,0.8252163664107676,1
video4090.webm,0.7903078229824873,1
video4093.webm,0.7553017256258705,1
video4096.webm,0.7930462417045991,1
video4102.webm,0.8093277779919441,1
video4105.webm,0.7677449147574436,1
video4112.webm,0.7907328937427879,1
video4114.webm,0.7911625174343152,1
video4115.webm,0.7949059233409987,1
video4126.webm,0.8192114236585035,1
video4127.webm,0.7466719542247757,1
video4132.webm,0.8228331735195892,1
video4133.webm,0.7807779643680838,1
video4134.webm,0.7682569243682478,1
video4137.webm,0.7745764237914765,1
video414.webm,0.7761524021591789,1
video4146.webm,0.7954204089959818,1
video415.webm,0.7985180916528429,1
video4151.webm,0.7928651520901784,1
video4166.webm,0.7844013691850404,1
video4167.webm,0.8092047141243156,1
video4176.webm,0.7509525490312771,1
video4177.webm,0.7605238882649646,1
video4181.webm,0.7997021210508395,1
video4188.webm,0.7774593125530973,1
video4197.webm,0.7829807456917124,1
video4199.webm,0.7559869395795762,1
video42.webm,0.8067633350044742,1
video420.webm,0.7471186571088244,1
video4201.webm,0.7956021293586446,1
video4215.webm,0.7651749617762483,1
video422.webm,0.7092626981241761,1
video4221.webm,0.8112876020262831,1
video4222.webm,0.8198647805273582,1
video4225.webm,0.7873633938673975,1
video4232.webm,0.782592890194655,1
video4234.webm,0.7804718864322195,1
video4244.webm,0.8041965600814225,1
video4248.webm,0.7670069511341422,1
video4253.webm,0.73513438170785,1
video4259.webm,0.6889540574966051,1
video426.webm,0.7961861699689444,1
video4267.webm,0.7817074241285813,1
video4268.webm,0.7952274505652133,1
video427.webm,0.7540915050068902,1
video4270.webm,0.8096739403464035,1
video4271.webm,0.7894547357008532,1
video4289.webm,0.7848583139889393,1
video429.webm,0.804035741551663,1
video4290.webm,0.7946455602983534,1
video4300.webm,0.7618843092659637,1
video4301.webm,0.8069648007824474,1
video4304.webm,0.7728518597549456,1
video4311.webm,0.8098276492317,1
video4313.webm,0.7130489305429658,1
video4317.webm,0.7536187056009462,1
video432.webm,0.7866806477077989,1
video4320.webm,0.7607568439386811,1
video4326.webm,0.7836220121606681,1
video4330.webm,0.797412414324516,1
video4333.webm,0.7791581733917683,1
video4346.webm,0.7612009177110497,1
video4351.webm,0.7988676447506551,1
video436.webm,0.8110074332060826,1
video4361.webm,0.7978675873556038,1
video4362.webm,0.699551438455643,1
video4364.webm,0.7835704320677797,1
video4366.webm,0.7604112839636822,1
video4367.webm,0.785922290010924,1
video4372.webm,0.7622119173747708,1
video4377.webm,0.7457988590759386,1
video4383.webm,0.8056496374656188,1
video4384.webm,0.8019687510517156,1
video4395.webm,0.7867341232883075,1
video4398.webm,0.8196192856104202,1
video4401.webm,0.7575268669242918,1
video4414.webm,0.7867597400542699,1
video4415.webm,0.786290504480798,1
video4417.webm,0.7949197119445489,1
video4421.webm,0.7790219635079196,1
video4426.webm,0.7525898755892642,1
video4436.webm,0.7683111963863063,1
video4437.webm,0.7767034109434042,1
video4438.webm,0.801928435371741,1
video4445.webm,0.764181383689595,1
video445.webm,0.7584306118769086,1
video4454.webm,0.7153522127306196,1
video4457.webm,0.7545438195166772,1
video4466.webm,0.8013003966495345,1
video4489.webm,0.7662833956174617,1
video4490.webm,0.7729055177545788,1
video450.webm,0.7790631461701805,1
video4502.webm,0.7584241820713956,1
video4509.webm,0.8084938417442058,1
video4514.webm,0.7719531053467736,1
video4517.webm,0.7966375061359259,1
video4521.webm,0.7806557393909401,1
video4532.webm,0.8007422081446509,1
video4535.webm,0.8091941403683927,1
video4541.webm,0.763644775450165,1
video4551.webm,0.7799819558442387,1
video4555.webm,0.7938579480044968,1
video4556.webm,0.7929915460784556,1
video4560.webm,0.7822110222372938,1
video4561.webm,0.7475678422617178,1
video457.webm,0.7606255792142397,1
video4572.webm,0.7273067299266046,1
video4574.webm,0.7921572233859023,1
video4579.webm,0.7653784272944416,1
video4584.webm,0.7425773829541187,1
video4586.webm,0.8095834676254292,1
video4588.webm,0.7792214479708054,1
video4589.webm,0.8179517377564501,1
video459.webm,0.7710789205384027,1
video4591.webm,0.773354830379254,1
video4592.webm,0.8025258542320253,1
video4593.webm,0.7877325649453768,1
video4596.webm,0.7597195036316112,1
video4600.webm,0.7780564614516216,1
video4603.webm,0.8023555370253644,1
video4608.webm,0.7366540655059397,1
video4616.webm,0.7956181695621984,1
video4624.webm,0.7624135247227815,1
video4633.webm,0.7864098218398572,1
video4636.webm,0.7835337251779113,1
video4638.webm,0.7523222683373945,1
video4641.webm,0.8013638276908802,1
video4650.webm,0.7881690579710364,1
video4656.webm,0.8056421779904653,1
video4659.webm,0.7921293457487966,1
video466.webm,0.7994146084074842,1
video4665.webm,0.768451751224912,1
video4669.webm,0.8110432497478659,1
video4672.webm,0.7634235421146311,1
video4673.webm,0.7525073936897033,1
video4675.webm,0.72412295860778,1
video4676.webm,0.7881987314911273,1
video468.webm,0.761260269473567,1
video4682.webm,0.8059800768982933,1
video4683.webm,0.788519184671191,1
video469.webm,0.7697334971826116,1
video4691.webm,0.804292392822783,1
video4693.webm,0.7782782261880591,1
video4694.webm,0.7543743007424104,1
video4696.webm,0.7686585548462909,1
video4698.webm,0.7350030618303999,1
video4705.webm,0.7768171243155191,1
video471.webm,0.7697425838780929,1
video4711.webm,0.7819363938506121,1
video4713.webm,0.7678866953553416,1
video4724.webm,0.7641436839725603,1
video4727.webm,0.7367692836865619,1
video4728.webm,0.813834385553886,1
video474.webm,0.7514056825485507,1
video4744.webm,0.768481563101624,1
video4748.webm,0.7553527329591553,1
video4755.webm,0.79232724504098,1
video4757.webm,0.7704367666691908,1
video4762.webm,0.7973412460820778,1
video4767.webm,0.7910650213602692,1
video4778.webm,0.7788859479896477,1
video4784.webm,0.7921476854531776,1
video4785.webm,0.7872478639068572,1
video4786.webm,0.7855672293667616,1
video4789.webm,0.7640086938237449,1
video4792.webm,0.764909452848531,1
video4806.webm,0.7995554013997325,1
video482.webm,0.7802001946351286,1
video4847.webm,0.7834265768516239,1
video4849.webm,0.7854244881802491,1
video4856.webm,0.7712858513108323,1
video4859.webm,0.8000842070667866,1
video4861.webm,0.7655264072233255,1
video4875.webm,0.7695550449479818,1
video4880.webm,0.7981432620887309,1
video4883.webm,0.7400027632896786,1
video4887.webm,0.7784225469848571,1
video4888.webm,0.7561985565721696,1
video4889.webm,0.7646399299458444,1
video4895.webm,0.7648023514335027,1
video4898.webm,0.7560040315388754,1
video4899.webm,0.7572690890966374,1
video490.webm,0.7927987282910958,1
video4905.webm,0.7974632935904702,1
video4908.webm,0.8009346564140036,1
video4913.webm,0.7921613210300039,1
video4915.webm,0.7978437262078404,1
video4919.webm,0.8115459034597706,1
video493.webm,0.7961639455082581,1
video4937.webm,0.7883163478056144,1
video4939.webm,0.7377963125288655,1
video4942.webm,0.7599208270232799,1
video4945.webm,0.8104994106207803,1
video4947.webm,0.7950629904743206,1
video4952.webm,0.8034963163263966,1
video4953.webm,0.8010585334832341,1
video4955.webm,0.7553108224234832,1
video4957.webm,0.7997681429192369,1
video4958.webm,0.7821364931021146,1
video4969.webm,0.8082578548595627,1
video4981.webm,0.7789059011956394,1
video4982.webm,0.8021118429948664,1
video4985.webm,0.7746860146222424,1
video4988.webm,0.7909161262590972,1
video5.webm,0.7289950351647565,1
video50.webm,0.7874119969568293,1
video5003.webm,0.7911997700922113,1
video5005.webm,0.7787078245692626,1
video5009.webm,0.7968635260945324,1
video5011.webm,0.7455543453367657,1
video5014.webm,0.7317159131994119,1
video5021.webm,0.7741689975401491,1
video5027.webm,0.7868010785559308,1
video5035.webm,0.7773130217100034,1
video5040.webm,0.7497901834112792,1
video5046.webm,0.7594924527910538,1
video5052.webm,0.7421407172196401,1
video5053.webm,0.7454551639157108,1
video5054.webm,0.7172279482141222,1
video5057.webm,0.7965582202637008,1
video5065.webm,0.7824916314565584,1
video5067.webm,0.7826439514719732,1
video507.webm,0.7703591136524242,1
video5071.webm,0.821837435782778,1
video5073.webm,0.7664639766791319,1
video5077.webm,0.7778740397611922,1
video5079.webm,0.7615234094046618,1
video5092.webm,0.8064920957889588,1
video5094.webm,0.7779248971195304,1
video5096.webm,0.7809971517971352,1
video5098.webm,0.8069360389790151,1
video5102.webm,0.8040170370449196,1
video5116.webm,0.7952444256322149,1
video5118.webm,0.7926458124983529,1
video5119.webm,0.7852372038776936,1
video5125.webm,0.747281196888053,1
video5139.webm,0.7752672821435204,1
video514.webm,0.785110962172855,1
video5148.webm,0.793415013902116,1
video5149.webm,0.7686102019803266,1
video5152.webm,0.7716052079616466,1
video5175.webm,0.8103937851045752,1
video5180.webm,0.777478938835567,1
video5188.webm,0.807508472413743,1
video5190.webm,0.8009124973762429,1
video5191.webm,0.7698598795703674,1
video520.webm,0.7997966880417068,1
video5209.webm,0.7646327354462337,1
video5210.webm,0.7795888871232423,1
video5216.webm,0.7742386249461073,1
video5217.webm,0.7532228453200008,1
video523.webm,0.7765751500449716,1
video5236.webm,0.7952650629517246,1
video5256.webm,0.769984241798122,1
video526.webm,0.8321056404734201,1
video5261.webm,0.7708358358211723,1
video5267.webm,0.7786484012482523,1
video527.webm,0.7559448377337185,1
video5273.webm,0.7849912247907109,1
video5276.webm,0.8005589165006464,1
video5277.webm,0.7721178612338022,1
video5278.webm,0.7974521362933656,1
video528.webm,0.791489817689731,1
video5288.webm,0.7733599518486916,1
video5294.webm,0.7596883438225118,1
video5295.webm,0.7832597383505757,1
video5297.webm,0.7618924970485677,1
video5299.webm,0.7604396997607841,1
video5307.webm,0.7033011027535403,1
video5308.webm,0.7839627480076976,1
video5313.webm,0.7691155811791093,1
video5315.webm,0.760966956380544,1
video5322.webm,0.8112425116670092,1
video5324.webm,0.7632769080546673,1
video5325.webm,0.7766340346209092,1
video5333.webm,0.8077629274735837,1
video5335.webm,0.7716191365915506,1
video5347.webm,0.785472066265895,1
video5353.webm,0.8262660649432045,1
video5356.webm,0.7891880404155466,1
video5366.webm,0.7366276960112477,1
video5370.webm,0.7537927664648579,1
video5374.webm,0.7961963819691555,1
video5378.webm,0.7876715419144238,1
video5380.webm,0.7876013908099981,1
video5385.webm,0.7887606499837219,1
video5393.webm,0.8121125349325764,1
video5399.webm,0.7851618744843991,1
video5402.webm,0.7567083363464796,1
video5412.webm,0.7802009407892122,1
video5415.webm,0.7750299059393904,1
video5416.webm,0.8281169947809606,1
video5423.webm,0.8123188670456253,1
video5428.webm,0.762531933185327,1
video5430.webm,0.7966913953456185,1
video5431.webm,0.8239265450500035,1
video5449.webm,0.7634765259329528,1
video5463.webm,0.7541933185348584,1
video5464.webm,0.7705926794600371,1
video5468.webm,0.8028289197978546,1
video5469.webm,0.7950629641864981,1
video5471.webm,0.7774069334475489,1
video5473.webm,0.7793775978625637,1
video5475.webm,0.7971614344926132,1
video5485.webm,0.6609330808786256,1
video5492.webm,0.7831366171197218,1
video5493.webm,0.731205953432603,1
video5499.webm,0.7287969121724203,1
video551.webm,0.7616656992617306,1
video5515.webm,0.7764641390939253,1
video5517.webm,0.7952427776629016,1
video5523.webm,0.7804388804336568,1
video5527.webm,0.7841041427823867,1
video5529.webm,0.7822280117914602,1
video5531.webm,0.7919438203734404,1
video5532.webm,0.7801915776647435,1
video5534.webm,0.7773865582783421,1
video5537.webm,0.7567962038611417,1
video5540.webm,0.7697869590171301,1
video5549.webm,0.7878044434913143,1
video5556.webm,0.7538996078966018,1
video5557.webm,0.8313964055151193,1
video5558.webm,0.7961442086209134,1
video5572.webm,0.7605808877776579,1
video5574.webm,0.7721643968814877,1
video5583.webm,0.7552616660487923,1
video5586.webm,0.8037727499589014,1
video5599.webm,0.8103967272831791,1
video5603.webm,0.7465938830101674,1
video5613.webm,0.7683879720017628,1
video5631.webm,0.7814655246768798,1
video5632.webm,0.7403918649669468,1
video5633.webm,0.759981224026795,1
video5634.webm,0.7576695358894647,1
video5635.webm,0.758424333231157,1
video5636.webm,0.7686559769974866,1
video5642.webm,0.7603298550473714,1
video5647.webm,0.7244818873163996,1
video5652.webm,0.784379002295707,1
video5659.webm,0.7505038970341755,1
video5672.webm,0.7970818350531631,1
video5680.webm,0.7778059660139327,1
video5683.webm,0.699178792191642,1
video5690.webm,0.7869389716483015,1
video5692.webm,0.8167107942094711,1
video5695.webm,0.7728967525782084,1
video570.webm,0.797911497910416,1
video5708.webm,0.733556737596057,1
video5714.webm,0.7789832244544025,1
video572.webm,0.7522598576875555,1
video5726.webm,0.8067204709801992,1
video5727.webm,0.7700257394061234,1
video5728.webm,0.7865246800116367,1
video5732.webm,0.798832798391911,1
video5735.webm,0.763019455616064,1
video5738.webm,0.7667949772957054,1
video5741.webm,0.776092639732232,1
video5744.webm,0.7593994531896875,1
video5749.webm,0.8095997752796061,1
video575.webm,0.7773796346332614,1
video5752.webm,0.8185345874572799,1
video5774.webm,0.7654857331378555,1
video5782.webm,0.7744741824206833,1
video5787.webm,0.8059669992154496,1
video5789.webm,0.7574986577676338,1
video5792.webm,0.7794805349912415,1
video5795.webm,0.7940512642146742,1
video5796.webm,0.7901297709458002,1
video5798.webm,0.7794274622945403,1
video5803.webm,0.7862580685726859,1
video5814.webm,0.75578973512335,1
video5820.webm,0.7815060447008961,1
video5827.webm,0.777600389042565,1
video5830.webm,0.7804132393355455,1
video5834.webm,0.7938140474863924,1
video5836.webm,0.7743632035685861,1
video5839.webm,0.7794898050699441,1
video5844.webm,0.6977891208083723,1
video5847.webm,0.799299761196923,1
video5855.webm,0.8094798522749168,1
video5857.webm,0.7211633128862891,1
video5858.webm,0.7538864455093667,1
video5868.webm,0.7422385711659863,1
video5870.webm,0.7661190464172585,1
video5878.webm,0.7502292358517124,1
video588.webm,0.7848992003448876,1
video5882.webm,0.7755933445619391,1
video5885.webm,0.7802918336718866,1
video5894.webm,0.7784754549441837,1
video59.webm,0.778220316382129,1
video5905.webm,0.7539220370791397,1
video5908.webm,0.7490535437410047,1
video5915.webm,0.7717250984347489,1
video5916.webm,0.7635526453999539,1
video5917.webm,0.7610137082039617,1
video5923.webm,0.7769867680777636,1
video5928.webm,0.7448558768846847,1
video5933.webm,0.7460347535490675,1
video5946.webm,0.7665899033240765,1
video595.webm,0.7568965671647214,1
video596.webm,0.7627086324612133,1
video597.webm,0.7264221747472885,1
video5971.webm,0.7866588403567716,1
video5973.webm,0.8118820385493455,1
video5982.webm,0.7833339657586389,1
video5983.webm,0.7812447653802963,1
video5985.webm,0.7667979183222059,1
video5987.webm,0.7947816039707385,1
video5988.webm,0.7840575204237274,1
video5996.webm,0.8128510407516968,1
video5997.webm,0.794672520014859,1
video5999.webm,0.797905511841162,1
video6008.webm,0.796938436879987,1
video601.webm,0.7924750234070921,1
video6014.webm,0.7826297296141309,1
video6020.webm,0.8085461600697809,1
video6023.webm,0.7965837963306546,1
video6025.webm,0.7695874981266285,1
video6029.webm,0.7806558097451197,1
video6035.webm,0.805452824926704,1
video6045.webm,0.8135916182742113,1
video6046.webm,0.777669556536982,1
video6053.webm,0.7683904081277019,1
video6066.webm,0.7894956053227122,1
video6070.webm,0.7327798910365999,1
video6078.webm,0.7803173249803608,1
video6082.webm,0.7488855481371759,1
video6083.webm,0.7660078966316641,1
video6085.webm,0.7993386123437333,1
video6090.webm,0.7766343134532145,1
video6101.webm,0.7992930325436758,1
video6108.webm,0.8025351442690468,1
video6113.webm,0.7393823820493077,1
video6118.webm,0.8176479958146239,1
video6124.webm,0.8006554990005369,1
video6125.webm,0.7923978934936192,1
video613.webm,0.8062327919807271,1
video6130.webm,0.786114181767547,1
video6137.webm,0.7497067352238023,1
video6144.webm,0.7696936863394258,1
video6147.webm,0.743005236214765,1
video6153.webm,0.7690208200169781,1
video6159.webm,0.7708631958869661,1
video6176.webm,0.7814758286198074,1
video6180.webm,0.8017977661911376,1
video6181.webm,0.8145525576509203,1
video6193.webm,0.7800980373591595,1
video6197.webm,0.7788411007019986,1
video6200.webm,0.7744385520350247,1
video6202.webm,0.7794374005126978,1
video6211.webm,0.8096314361044821,1
video6217.webm,0.7853963772879871,1
video6220.webm,0.773151163551182,1
video6222.webm,0.6934526835817042,1
video6223.webm,0.7849558245051631,1
video6226.webm,0.7810643486912083,1
video6228.webm,0.7559384802707663,1
video6229.webm,0.7369991729687166,1
video6238.webm,0.8014608226722902,1
video6241.webm,0.7859805640950068,1
video6242.webm,0.7990802199635724,1
video6249.webm,0.7676003326838555,1
video6251.webm,0.7805573569347972,1
video6253.webm,0.7970669850770814,1
video6259.webm,0.7881199149877337,1
video6263.webm,0.7850539451486367,1
video6267.webm,0.7972905252493319,1
video6273.webm,0.7933489359221952,1
video6274.webm,0.7671432731716485,1
video6282.webm,0.7517339390204656,1
video6283.webm,0.817560307733159,1
video6287.webm,0.8190816622569762,1
video6292.webm,0.7628592681642955,1
video630.webm,0.7960876191900671,1
video6300.webm,0.7314037241405313,1
video6301.webm,0.8039735224324459,1
video6302.webm,0.8050134880450667,1
video6308.webm,0.7728873645317602,1
video6314.webm,0.7704976004988229,1
video6327.webm,0.8019135289249354,1
video6334.webm,0.8058097601366526,1
video6341.webm,0.783442133174875,1
video6345.webm,0.8002200136910526,1
video6355.webm,0.7835135398266604,1
video6360.webm,0.7553901876738482,1
video6364.webm,0.7516333928674845,1
video6365.webm,0.8038634010842729,1
video6367.webm,0.7858193725739988,1
video6369.webm,0.7938522074171217,1
video637.webm,0.7657067815700129,1
video6371.webm,0.7687960979998827,1
video6372.webm,0.7858184421380912,1
video6374.webm,0.7768425345899169,1
video6375.webm,0.7854105447032558,1
video6383.webm,0.7842702368745874,1
video6384.webm,0.7755032820215324,1
video6389.webm,0.7703279133855819,1
video6394.webm,0.788314101304798,1
video64.webm,0.760886971926282,1
video6405.webm,0.8002574421865041,1
video6411.webm,0.7677376839875543,1
video6414.webm,0.7713724318931757,1
video6417.webm,0.8042734654285637,1
video6424.webm,0.7800926720841727,1
video6428.webm,0.759318954597499,1
video6430.webm,0.817525962793693,1
video6435.webm,0.6655860984144828,1
video6443.webm,0.7547058261161597,1
video6445.webm,0.8025279788046513,1
video6449.webm,0.8013628870863636,1
video645.webm,0.7613333069409112,1
video6451.webm,0.7593114938338436,1
video6455.webm,0.7596419986679639,1
video6459.webm,0.7254049597301558,1
video6464.webm,0.7642437989504517,1
video6468.webm,0.766013839429315,1
video6469.webm,0.7698182695465376,1
video6471.webm,0.7707831146133945,1
video6472.webm,0.8052341054891439,1
video6482.webm,0.7847372296756789,1
video6487.webm,0.7680976321745434,1
video6490.webm,0.8142292364788497,1
video6495.webm,0.7973491854554176,1
video6497.webm,0.7092581501977339,1
video6500.webm,0.7962502069129114,1
video6511.webm,0.7400573613503665,1
video6513.webm,0.8308567245937235,1
video6514.webm,0.7633267278646401,1
video6520.webm,0.7551821166812527,1
video6522.webm,0.8043531292974558,1
video6529.webm,0.791872015602582,1
video653.webm,0.7770240148406116,1
video6548.webm,0.7658006031819261,1
video6549.webm,0.7632820877166766,1
video655.webm,0.801616378551681,1
video6553.webm,0.7487671300822609,1
video6571.webm,0.7771578636902559,1
video6575.webm,0.7865850570236382,1
video658.webm,0.7171622556348657,1
video6580.webm,0.8018862302372252,1
video659.webm,0.805657284592903,1
video6597.webm,0.8148371276164976,1
video6603.webm,0.7451202893831825,1
video6605.webm,0.6885466383975094,1
video6606.webm,0.7560021659215952,1
video6612.webm,0.7768443398865706,1
video6614.webm,0.7868450318128,1
video6615.webm,0.7208159977400109,1
video6620.webm,0.7459653006814156,1
video6631.webm,0.763370818263962,1
video6636.webm,0.7833256397966546,1
video6638.webm,0.769403688564007,1
video6642.webm,0.7770285118397485,1
video6644.webm,0.7793059084190059,1
video6653.webm,0.7801599478010895,1
video6657.webm,0.7748099700356148,1
video666.webm,0.7728719512312114,1
video6665.webm,0.7567654620583886,1
video6666.webm,0.7876029405408989,1
video6679.webm,0.8256285654805777,1
video6685.webm,0.7778329075191042,1
video6693.webm,0.7696379292072287,1
video6697.webm,0.7980154211188832,1
video6698.webm,0.7829466717689639,1
video670.webm,0.7431314419103703,1
video6701.webm,0.7476809302759311,1
video6705.webm,0.7798261944200758,1
video6709.webm,0.7925769381308928,1
video6715.webm,0.7580582524609046,1
video6720.webm,0.7537582641318837,1
video6723.webm,0.8060651506566454,1
video6724.webm,0.778235913641087,1
video6729.webm,0.803506745819442,1
video673.webm,0.7670506106224686,1
video6732.webm,0.7722259161640361,1
video6738.webm,0.7397883384747488,1
video6739.webm,0.7887333658838473,1
video6744.webm,0.7742728141120117,1
video6750.webm,0.7676867154228219,1
video6758.webm,0.7809642799543316,1
video6761.webm,0.7592011626759978,1
video6768.webm,0.7860283342430061,1
video6770.webm,0.7726775667466509,1
video6774.webm,0.7351776645189503,1
video6775.webm,0.7682748239236916,1
video6778.webm,0.8088565483323006,1
video6787.webm,0.8160464406921494,1
video6805.webm,0.778991052462919,1
video6818.webm,0.7804602807091404,1
video6821.webm,0.7820196413226943,1
video6824.webm,0.7711822276503439,1
video6827.webm,0.8231566695137902,1
video6835.webm,0.7811014566992713,1
video6837.webm,0.7777376679621022,1
video6838.webm,0.7892454462804189,1
video6840.webm,0.7845538325973876,1
video6843.webm,0.7414843397934893,1
video6848.webm,0.8027966517670687,1
video685.webm,0.7531456410701995,1
video6855.webm,0.77444822459944,1
video6857.webm,0.7893590394691685,1
video6867.webm,0.7877152433174661,1
video6868.webm,0.7503280035945386,1
video6874.webm,0.7784792462227509,1
video6881.webm,0.7855055059864502,1
video6884.webm,0.7368431160687285,1
video6892.webm,0.8007738886507815,1
video6902.webm,0.7783950749764459,1
video6906.webm,0.7940852303660966,1
video691.webm,0.7915208013021224,1
video6916.webm,0.7717393331041935,1
video693.webm,0.7716118845532843,1
video6930.webm,0.7928627765919734,1
video6938.webm,0.7890996884912391,1
video694.webm,0.7576085680974471,1
video6943.webm,0.7879591229340158,1
video6944.webm,0.7517728207822548,1
video6957.webm,0.7852557792123174,1
video6963.webm,0.805564202543279,1
video6967.webm,0.7869195120616894,1
video6969.webm,0.8061206986171288,1
video6971.webm,0.8000605226592599,1
video6972.webm,0.8010942646930944,1
video698.webm,0.797311802487801,1
video6980.webm,0.7559801660379422,1
video6982.webm,0.7741302440772964,1
video6986.webm,0.7963704023452696,1
video6987.webm,0.7805015755440872,1
video6995.webm,0.80724127528055,1
video6997.webm,0.7762657067409939,1
video7.webm,0.7702218781900287,1
video70.webm,0.7902663223800673,1
video700.webm,0.7857943611998823,1
video7000.webm,0.7676150604397439,1
video7014.webm,0.8018581338026618,1
video7019.webm,0.7948617933552107,1
video702.webm,0.8003999303505297,1
video7020.webm,0.7559101425546169,1
video7032.webm,0.7756632701313433,1
video7035.webm,0.7629173067844469,1
video7036.webm,0.7473380360787768,1
video7039.webm,0.7951850296568468,1
video7049.webm,0.7755210187698738,1
video7053.webm,0.7901910804834903,1
video7054.webm,0.7913687399939157,1
video7055.webm,0.8225451829852946,1
video706.webm,0.8131809838969176,1
video7062.webm,0.7712262130920865,1
video7068.webm,0.8085844662936078,1
video707.webm,0.7842035239868194,1
video7075.webm,0.7869089625426191,1
video7076.webm,0.7730264688138512,1
video7092.webm,0.7886556850745653,1
video71.webm,0.8048349069643012,1
video710.webm,0.8048657606239475,1
video7107.webm,0.8119050863597503,1
video7111.webm,0.8216852698814596,1
video7120.webm,0.7919468509428251,1
video7123.webm,0.7819267754914514,1
video7124.webm,0.764855741116846,1
video7130.webm,0.7706323978862464,1
video7137.webm,0.8026408153321241,1
video7139.webm,0.8047167674773168,1
video714.webm,0.7764349739956657,1
video7158.webm,0.769997945422159,1
video7169.webm,0.783148099911968,1
video7171.webm,0.8199949540407099,1
video7178.webm,0.792369427517781,1
video7182.webm,0.7409047599827926,1
video7186.webm,0.7794589305018935,1
video7187.webm,0.783530390418185,1
video7190.webm,0.7841691144885461,1
video7212.webm,0.798323856039282,1
video7228.webm,0.7886119726117063,1
video7232.webm,0.8052721870329178,1
video7234.webm,0.7890789600218059,1
video7236.webm,0.7718083223371159,1
video7247.webm,0.8228642395351051,1
video7252.webm,0.7100410397743134,1
video7254.webm,0.7850097427761666,1
video7268.webm,0.7898924865808116,1
video7272.webm,0.776203433410775,1
video7277.webm,0.8032165629007162,1
video7280.webm,0.7830992502011636,1
video7282.webm,0.7399669749446072,1
video7284.webm,0.7965495811603267,1
video7294.webm,0.8240612549042164,1
video7316.webm,0.8072312032696709,1
video7323.webm,0.7703299856613584,1
video7326.webm,0.7969022167871569,1
video7327.webm,0.7813036077321811,1
video7330.webm,0.7914574781615336,1
video7332.webm,0.7535046983709635,1
video7340.webm,0.7914554218559627,1
video7353.webm,0.8017095512977149,1
video7354.webm,0.7914759870687981,1
video7356.webm,0.782031135929373,1
video7357.webm,0.7867754604651929,1
video7366.webm,0.7960863731766514,1
video7368.webm,0.7512205004518173,1
video7369.webm,0.7824091195777402,1
video7371.webm,0.7998259975953071,1
video7379.webm,0.7739999521988749,1
video7384.webm,0.7599462033024271,1
video739.webm,0.8102865641607844,1
video7393.webm,0.7814476832321471,1
video7395.webm,0.7888087311259226,1
video7403.webm,0.763560539681375,1
video7412.webm,0.8194062681720637,1
video7413.webm,0.8105479974455851,1
video7418.webm,0.7721624167575842,1
video7420.webm,0.7849048895723776,1
video7425.webm,0.7717854097291953,1
video7430.webm,0.7860019427811175,1
video7440.webm,0.7876523583619175,1
video7441.webm,0.7710771294639251,1
video7449.webm,0.7635952986400811,1
video7450.webm,0.7619272661618969,1
video7455.webm,0.7476694441969007,1
video7459.webm,0.7348600459470105,1
video7460.webm,0.7671675735184575,1
video7464.webm,0.7696229957292713,1
video7467.webm,0.7933666706939922,1
video7476.webm,0.7779727177497687,1
video748.webm,0.7936402017929689,1
video7482.webm,0.7685867303512539,1
video7484.webm,0.7756812060289043,1
video7487.webm,0.8066098627754048,1
video7490.webm,0.8220524204712474,1
video7501.webm,0.7734291628953569,1
video7509.webm,0.7874454129299144,1
video7512.webm,0.7881922865609364,1
video7514.webm,0.7923962295936773,1
video7529.webm,0.7710588762657298,1
video7537.webm,0.8260584828682564,1
video7547.webm,0.7657388501246318,1
video7551.webm,0.7386174343136408,1
video7553.webm,0.7692139016466142,1
video7557.webm,0.7438833093968703,1
video7559.webm,0.7576387717421298,1
video756.webm,0.8105049829626795,1
video7561.webm,0.8017621067661019,1
video7564.webm,0.7911543271439824,1
video7570.webm,0.7875250008866179,1
video7577.webm,0.8037418557489445,1
video7583.webm,0.8026154699109339,1
video7586.webm,0.805466687344597,1
video7594.webm,0.8009238053809777,1
video7595.webm,0.8180714078255782,1
video7601.webm,0.8001340199001881,1
video7620.webm,0.7916191228144858,1
video7622.webm,0.7923723764324668,1
video7623.webm,0.8064524609064718,1
video7630.webm,0.7902179253253543,1
video7639.webm,0.7863819781103837,1
video7645.webm,0.756155459075525,1
video7653.webm,0.770293947903549,1
video7658.webm,0.7766321135938343,1
video766.webm,0.7817411081744274,1
video7663.webm,0.7911443690637237,1
video7666.webm,0.7987790936934598,1
video7668.webm,0.7620241033702783,1
video768.webm,0.8023573971268634,1
video7684.webm,0.7962255529722647,1
video7685.webm,0.7557895034985621,1
video7693.webm,0.7836601794847794,1
video7695.webm,0.7757851660284677,1
video7700.webm,0.7984589594445749,1
video7708.webm,0.7641040889142036,1
video7709.webm,0.7892896103443068,1
video7712.webm,0.7966794345802048,1
video772.webm,0.7446355444367224,1
video7727.webm,0.8196035255229359,1
video7730.webm,0.7956492514756552,1
video7733.webm,0.7706835125317248,1
video7734.webm,0.782408748322694,1
video7735.webm,0.7247959451250303,1
video774.webm,0.7165260381415373,1
video7744.webm,0.6972596696981178,1
video7747.webm,0.7991181134865002,1
video7750.webm,0.7697818581887089,1
video7755.webm,0.8055715505446928,1
video7764.webm,0.7736648270436667,1
video7765.webm,0.7540246565027235,1
video7766.webm,0.7968233907344213,1
video7767.webm,0.8056742533752657,1
video7768.webm,0.7988509530836194,1
video7776.webm,0.7784202914715606,1
video7778.webm,0.7927758837472042,1
video7779.webm,0.7696637533658593,1
video7781.webm,0.7640215292836567,1
video7790.webm,0.7635747255634082,1
video7791.webm,0.7544992995245239,1
video7794.webm,0.810438107960576,1
video7796.webm,0.7816375205325623,1
video7797.webm,0.7687133259525157,1
video7798.webm,0.7961301687897686,1
video780.webm,0.801586127934002,1
video7810.webm,0.7963881072903414,1
video7814.webm,0.7952781883164444,1
video7827.webm,0.8061330220567572,1
video7829.webm,0.7659287684834271,1
video7836.webm,0.806461140353781,1
video784.webm,0.81686852676635,1
video7843.webm,0.8005339176735201,1
video7845.webm,0.7711493770481759,1
video7847.webm,0.7621211598124045,1
video7850.webm,0.803691005676338,1
video7855.webm,0.7930128320108801,1
video7857.webm,0.7833918338918812,1
video7859.webm,0.7864445622907388,1
video7860.webm,0.7993200769972517,1
video7864.webm,0.730192592532068,1
video7866.webm,0.7769812044304965,1
video7870.webm,0.7829853947511174,1
video7871.webm,0.7658888197798215,1
video7876.webm,0.7641170824508798,1
video7877.webm,0.7851566893408718,1
video7881.webm,0.7681757382610734,1
video7882.webm,0.7851389509400415,1
video7900.webm,0.7577129975799496,1
video7905.webm,0.7703254651999805,1
video7911.webm,0.7707935851138963,1
video7914.webm,0.7895013972830056,1
video7922.webm,0.7950250614048398,1
video7924.webm,0.8288728140468773,1
video7932.webm,0.7677141888445229,1
video7934.webm,0.7948579104979685,1
video7937.webm,0.8067421374304757,1
video7938.webm,0.798068475672096,1
video7943.webm,0.7763972477293665,1
video7949.webm,0.7934064532202427,1
video7950.webm,0.7900055357988534,1
video7960.webm,0.7624897757566323,1
video7965.webm,0.7643326532224471,1
video7966.webm,0.738486611896513,1
video7968.webm,0.8051245792688299,1
video7971.webm,0.7924632611366309,1
video7974.webm,0.8061593689500515,1
video7978.webm,0.7894822123710785,1
video7979.webm,0.7854284139131141,1
video7982.webm,0.7765280240529654,1
video7989.webm,0.7243488119874235,1
video8003.webm,0.7549923443711475,1
video8005.webm,0.8041206003330664,1
video8006.webm,0.7908668772175967,1
video8007.webm,0.8144023364086853,1
video8011.webm,0.7945368408895135,1
video8017.webm,0.7972825130214936,1
video802.webm,0.7746278725240403,1
video8020.webm,0.7797684323391878,1
video8025.webm,0.7978416285836267,1
video8031.webm,0.8069502382607049,1
video8034.webm,0.7154827929625204,1
video8039.webm,0.8002877818805988,1
video804.webm,0.8012148394618871,1
video8046.webm,0.7610550813546046,1
video8053.webm,0.7609874954647577,1
video8055.webm,0.7775703731540062,1
video8070.webm,0.7925715815904604,1
video8083.webm,0.6960696500453118,1
video8093.webm,0.7989715545682607,1
video8094.webm,0.7552509266222519,1
video8099.webm,0.8111502581077321,1
video810.webm,0.811276028079434,1
video8106.webm,0.7911577821682303,1
video8107.webm,0.7777836408505914,1
video8116.webm,0.7855458997115107,1
video8117.webm,0.7608743035749359,1
video8119.webm,0.7900115610027664,1
video8125.webm,0.7867320570923118,1
video8129.webm,0.7945711346960412,1
video8130.webm,0.8032350304887367,1
video8133.webm,0.7926170481082608,1
video8135.webm,0.7552209873589838,1
video8139.webm,0.7873367432976589,1
video8141.webm,0.7645098861565096,1
video8143.webm,0.7794409679370461,1
video8144.webm,0.8077781055210459,1
video8148.webm,0.7696790044992343,1
video815.webm,0.8022694073390427,1
video8154.webm,0.8266371175735974,1
video8160.webm,0.7304650628171168,1
video8164.webm,0.7792430974253645,1
video8173.webm,0.7946892423619666,1
video8176.webm,0.7868857611838056,1
video8177.webm,0.8067667605911066,1
video8183.webm,0.7845143097063262,1
video8203.webm,0.7940779882989287,1
video8204.webm,0.8020295640227735,1
video8212.webm,0.7430144277453383,1
video8213.webm,0.7922315936899009,1
video822.webm,0.7983351084292928,1
video8223.webm,0.8162961052896767,1
video8232.webm,0.8025611924970097,1
video8237.webm,0.7959324039234892,1
video8242.webm,0.7907298354285965,1
video8244.webm,0.7601706924186902,1
video8248.webm,0.8112590004578286,1
video8250.webm,0.7925530171947804,1
video8255.webm,0.728907755016909,1
video8257.webm,0.7854103306267747,1
video8258.webm,0.7726481366298663,1
video826.webm,0.7690980132328651,1
video8262.webm,0.7552316865611797,1
video8264.webm,0.7956334168169968,1
video8270.webm,0.7830329951736612,1
video8273.webm,0.7405095468025767,1
video8278.webm,0.8067413427166328,1
video8281.webm,0.8060227297395971,1
video8285.webm,0.7749531446307127,1
video8298.webm,0.7763655969743914,1
video8302.webm,0.8067409423646256,1
video8307.webm,0.7822357839072456,1
video8312.webm,0.7692292510975777,1
video8315.webm,0.7799987814764548,1
video832.webm,0.7740656241289257,1
video8320.webm,0.7714947008398727,1
video8321.webm,0.8002792489832026,1
video8332.webm,0.8054340031577102,1
video8340.webm,0.7825342794171454,1
video8342.webm,0.8161706356363924,1
video8343.webm,0.7967594410695272,1
video836.webm,0.7983963416683915,1
video8362.webm,0.7910897244575971,1
video8370.webm,0.7854193940638617,1
video8372.webm,0.7726128660041202,1
video8373.webm,0.7798652732022913,1
video8376.webm,0.7232965379546711,1
video8388.webm,0.7573494679766108,1
video8391.webm,0.7590946255598054,1
video8392.webm,0.7952363502516828,1
video8393.webm,0.7668059009025014,1
video8404.webm,0.7809112077056499,1
video8408.webm,0.7823206222299339,1
video841.webm,0.7917466855808761,1
video8411.webm,0.7670824538841348,1
video8412.webm,0.7735500670560027,1
video8413.webm,0.7691169322398009,1
video8416.webm,0.752142921309493,1
video8417.webm,0.7941420556449273,1
video8418.webm,0.7746196090985998,1
video8419.webm,0.7815760806086445,1
video8424.webm,0.8096804019371513,1
video8431.webm,0.7963375699123615,1
video8432.webm,0.7925892897218466,1
video8440.webm,0.779495200942097,1
video8445.webm,0.8078757936991096,1
video845.webm,0.7740419797522172,1
video8450.webm,0.7717854801086959,1
video8457.webm,0.7630593823049202,1
video8460.webm,0.770969690880281,1
video8462.webm,0.815270036855708,1
video8463.webm,0.7840486580959709,1
video8467.webm,0.7216608262485877,1
video8469.webm,0.7559574796357298,1
video8483.webm,0.75679652190452,1
video8484.webm,0.7306693688145549,1
video8486.webm,0.7729242348188725,1
video8490.webm,0.7764506752456767,1
video8501.webm,0.7507780126344182,1
video8502.webm,0.7775155348165188,1
video8511.webm,0.7786667211964795,1
video8519.webm,0.7699647957888401,1
video8523.webm,0.7636238076887055,1
video8527.webm,0.7311693580506453,1
video8528.webm,0.8386996444272272,1
video8533.webm,0.7623261538972415,1
video8534.webm,0.7508909372906927,1
video8536.webm,0.8183850389165253,1
video8537.webm,0.7369347887811086,1
video8539.webm,0.7639816779746703,1
video854.webm,0.7897086826648079,1
video8540.webm,0.7988408245099676,1
video8541.webm,0.7929596159741921,1
video8548.webm,0.7815167003211774,1
video8555.webm,0.7677003511445077,1
video8559.webm,0.7975412755871956,1
video856.webm,0.8003468837625133,1
video8564.webm,0.7972249036098107,1
video8567.webm,0.8122005035615439,1
video8569.webm,0.8089432834387149,1
video8570.webm,0.7987413031749167,1
video8571.webm,0.8039602362777114,1
video8574.webm,0.7839560989760077,1
video8589.webm,0.7599148914546487,1
video8599.webm,0.792044653844418,1
video8608.webm,0.7799456978652323,1
video8610.webm,0.817192759888667,1
video8612.webm,0.7811454248590587,1
video8617.webm,0.777814335814959,1
video8620.webm,0.7787146838176675,1
video8626.webm,0.7901823945831556,1
video8627.webm,0.7930659141377696,1
video863.webm,0.7864264058724728,1
video8634.webm,0.8060895016787183,1
video8639.webm,0.771312784308563,1
video8645.webm,0.8014883798498269,1
video8651.webm,0.7241058148228737,1
video8656.webm,0.7600756424043298,1
video8662.webm,0.7912977942073247,1
video8666.webm,0.7980021330681426,1
video8675.webm,0.8161137965077832,1
video8681.webm,0.8005060478187641,1
video8682.webm,0.7871320416384612,1
video8686.webm,0.7969248912761728,1
video8688.webm,0.8113639919400759,1
video8690.webm,0.8183523198573457,1
video8697.webm,0.8018250881530297,1
video8699.webm,0.7847739261600397,1
video8703.webm,0.7633449112705364,1
video8706.webm,0.7603307496557727,1
video8707.webm,0.7976644529599385,1
video8712.webm,0.7805670272269534,1
video8715.webm,0.7669856192709248,1
video8716.webm,0.7995354203353692,1
video8721.webm,0.7918575983500903,1
video8728.webm,0.7602249487839837,1
video873.webm,0.7685757099859896,1
video8737.webm,0.7499387325793768,1
video8745.webm,0.7905764645059813,1
video8747.webm,0.7848040629332802,1
video875.webm,0.7545248450326372,1
video876.webm,0.7661021510816189,1
video8761.webm,0.8018600112783888,1
video8767.webm,0.7621490965029794,1
video8769.webm,0.7887376363927923,1
video8773.webm,0.787394732373437,1
video8777.webm,0.7804149742372404,1
video8787.webm,0.8077427168608244,1
video8793.webm,0.7639414855031152,1
video8798.webm,0.7504492517747505,1
video8801.webm,0.7764844942140204,1
video8809.webm,0.7894770200282114,1
video8812.webm,0.7937201174690623,1
video882.webm,0.764525155565385,1
video8823.webm,0.7751316286662496,1
video8824.webm,0.7786577726183618,1
video8831.webm,0.7173285561783788,1
video8832.webm,0.7864480890675674,1
video8836.webm,0.8042891554165503,1
video8839.webm,0.7497067415682281,1
video8841.webm,0.7888760782698041,1
video8844.webm,0.7469855491295133,1
video8847.webm,0.7980741958121287,1
video8848.webm,0.753161756937344,1
video8850.webm,0.7830739450665417,1
video8854.webm,0.7838489563749425,1
video8857.webm,0.739999176416305,1
video8864.webm,0.8006573472802346,1
video8867.webm,0.754239103704847,1
video888.webm,0.7660242660356205,1
video8880.webm,0.7903910559965457,1
video8882.webm,0.8226251087501126,1
video8884.webm,0.7828903402425824,1
video8886.webm,0.8055930469247241,1
video8898.webm,0.7691461119194437,1
video8899.webm,0.7566901721161172,1
video890.webm,0.703723475288334,1
video8901.webm,0.7834884284785135,1
video8908.webm,0.7733970936175303,1
video8917.webm,0.7468317389281998,1
video8919.webm,0.7971088838365561,1
video8921.webm,0.7892125160472405,1
video8922.webm,0.781462894364867,1
video8925.webm,0.7559843814849684,1
video8927.webm,0.7655125902986555,1
video893.webm,0.740903125577843,1
video8936.webm,0.7913832865015475,1
video8939.webm,0.7783573335966408,1
video894.webm,0.7741178965067232,1
video8941.webm,0.7883994607895684,1
video8943.webm,0.8047725528877947,1
video8947.webm,0.7707543749438364,1
video8951.webm,0.8016948786968372,1
video8958.webm,0.7786889214696974,1
video8966.webm,0.7646689823871261,1
video897.webm,0.8221949015071678,1
video8971.webm,0.7762417037332532,1
video8975.webm,0.7794818945764117,1
video8982.webm,0.7885570671346217,1
video8991.webm,0.7531524798944761,1
video8993.webm,0.7684732357657645,1
video8996.webm,0.7401577934190187,1
video9.webm,0.669743181519522,1
video9002.webm,0.7657498714366264,1
video9015.webm,0.6874865613848166,1
video9019.webm,0.7855111701131369,1
video9021.webm,0.7717839691155437,1
video9023.webm,0.8249667573357393,1
video9024.webm,0.7907149233964196,1
video9029.webm,0.797426022302175,1
video903.webm,0.7873555436170305,1
video9030.webm,0.7746177973878879,1
video9036.webm,0.8022807631052217,1
video904.webm,0.775783215445209,1
video9040.webm,0.802711572504609,1
video9043.webm,0.7607458427478567,1
video9046.webm,0.7614347040314353,1
video9049.webm,0.7992656877570283,1
video9051.webm,0.7666478467159781,1
video9054.webm,0.7714393926178158,1
video9062.webm,0.7856282747308043,1
video9077.webm,0.7879488137120849,1
video9080.webm,0.7976965336662614,1
video9081.webm,0.7715854998562206,1
video9085.webm,0.78981336543114,1
video9087.webm,0.7828278142922166,1
video9099.webm,0.737687319676325,1
video91.webm,0.7402663398541608,1
video910.webm,0.7440953338284284,1
video9104.webm,0.7975040614886407,1
video911.webm,0.7776827921790607,1
video9111.webm,0.7805195567689858,1
video9122.webm,0.8026253936278966,1
video9124.webm,0.7934628588008696,1
video9126.webm,0.746775783637798,1
video9129.webm,0.8014675352019089,1
video913.webm,0.7938531576731267,1
video9136.webm,0.7849818214959516,1
video9144.webm,0.8149684407374423,1
video9146.webm,0.7437705721391699,1
video9148.webm,0.7796316527029756,1
video9149.webm,0.7716836634892199,1
video9154.webm,0.7463651052099889,1
video9156.webm,0.7496149618383747,1
video9161.webm,0.7926847154616234,1
video9164.webm,0.7824706058581764,1
video9173.webm,0.7738140252815803,1
video9178.webm,0.7471008705032911,1
video9182.webm,0.7557917402981058,1
video9189.webm,0.7961356105989835,1
video9195.webm,0.7966315826863202,1
video9196.webm,0.7552075951541195,1
video9199.webm,0.7753265738308733,1
video9200.webm,0.7609839572881184,1
video9201.webm,0.7708476772657187,1
video9233.webm,0.8155324505026559,1
video9237.webm,0.7688563372505504,1
video9238.webm,0.8234082251084343,1
video9244.webm,0.7936847356439448,1
video9264.webm,0.8122673648357011,1
video9265.webm,0.7927166628040293,1
video9267.webm,0.7955052740148212,1
video9272.webm,0.7497064025193956,1
video9274.webm,0.8124275998171266,1
video9279.webm,0.7648575884640652,1
video9281.webm,0.7685373801092195,1
video9285.webm,0.770240511217789,1
video9286.webm,0.7566091044591429,1
video9287.webm,0.7885119400079379,1
video9306.webm,0.7901738833039459,1
video9308.webm,0.7400141480511265,1
video9314.webm,0.7878727550143242,1
video9320.webm,0.7611277317671883,1
video9325.webm,0.7754925197758695,1
video9326.webm,0.7846799482394482,1
video9332.webm,0.7761741835452184,1
video9336.webm,0.8149350383776761,1
video9338.webm,0.8120330077231303,1
video9340.webm,0.7917281985713627,1
video9346.webm,0.8193103627515018,1
video935.webm,0.7610660267230427,1
video9351.webm,0.7604055399448881,1
video9352.webm,0.8020769728709763,1
video9355.webm,0.8072338408592339,1
video9363.webm,0.8261749250634596,1
video9364.webm,0.7566574910719471,1
video9378.webm,0.7666448054252099,1
video9383.webm,0.7986605897828216,1
video9384.webm,0.7654947886517256,1
video940.webm,0.7903030015138287,1
video9401.webm,0.7720299710510304,1
video9410.webm,0.7636611700146504,1
video9411.webm,0.7366552020579464,1
video9413.webm,0.7634003432337343,1
video9418.webm,0.6831508530020682,1
video9429.webm,0.7659267757149307,1
video9436.webm,0.7667368315970309,1
video944.webm,0.7942585709146073,1
video9442.webm,0.796834345102529,1
video9444.webm,0.7719294700489433,1
video9447.webm,0.746668325904459,1
video945.webm,0.7607892749738279,1
video9458.webm,0.8094605754269592,1
video9459.webm,0.7936034586931753,1
video946.webm,0.7866373742352164,1
video9467.webm,0.7955940239409522,1
video9471.webm,0.7794829829775022,1
video9482.webm,0.79417488922128,1
video9489.webm,0.7964330690825987,1
video9491.webm,0.7979675323584805,1
video9494.webm,0.7451087610839754,1
video9498.webm,0.7627895815915797,1
video950.webm,0.7702721140197444,1
video9514.webm,0.7782804188011379,1
video9520.webm,0.8072115329902475,1
video9539.webm,0.7898642629099775,1
video9540.webm,0.7805689380128455,1
video955.webm,0.7532280234105195,1
video9563.webm,0.7937222621747304,1
video9569.webm,0.7875421332092871,1
video9570.webm,0.7763909571257643,1
video9578.webm,0.816341109042354,1
video9579.webm,0.7498531755004235,1
video9580.webm,0.781752674052856,1
video9581.webm,0.7798141351238863,1
video9594.webm,0.7745751531487344,1
video9597.webm,0.8153237929809324,1
video9603.webm,0.762631582490624,1
video9616.webm,0.7405481323665093,1
video9617.webm,0.7929683385225967,1
video9622.webm,0.7607216191484877,1
video9626.webm,0.7577337715175162,1
video9629.webm,0.7691119942414029,1
video9644.webm,0.8007517167351497,1
video9664.webm,0.7618848730708389,1
video9666.webm,0.8100144441064353,1
video9669.webm,0.7693141782584593,1
video9678.webm,0.7436808700563841,1
video968.webm,0.7807431035938293,1
video9682.webm,0.7837920973544547,1
video9696.webm,0.8065425389617367,1
video9697.webm,0.7919468827411197,1
video97.webm,0.7968153624767308,1
video9700.webm,0.7838823395376426,1
video971.webm,0.7852825649360453,1
video9713.webm,0.7910112766747821,1
video9721.webm,0.7495405755143075,1
video9722.webm,0.7781455740832244,1
video9724.webm,0.7737073877691958,1
video9726.webm,0.8083037105849872,1
video9727.webm,0.7851255706968306,1
video9728.webm,0.81131477301403,1
video973.webm,0.7786816945226229,1
video9734.webm,0.7346783368620824,1
video9735.webm,0.7990884081374412,1
video9750.webm,0.7693614279699625,1
video9759.webm,0.7935046290120777,1
video9761.webm,0.7940613951614012,1
video9763.webm,0.7229751706173132,1
video977.webm,0.786219513877084,1
video9770.webm,0.7504642212926057,1
video9774.webm,0.7888532790874777,1
video9775.webm,0.7716736619448594,1
video9777.webm,0.7978818462465495,1
video978.webm,0.8097638581360721,1
video9784.webm,0.7711882078595818,1
video979.webm,0.7924672323897078,1
video9791.webm,0.787385943918576,1
video9794.webm,0.7561483108480267,1
video9798.webm,0.7497186505590704,1
video98.webm,0.7813638248667667,1
video9800.webm,0.7895284330624743,1
video9804.webm,0.740325729672459,1
video9811.webm,0.7708205909141777,1
video9814.webm,0.8204136514313501,1
video9817.webm,0.7366423480736537,1
video9818.webm,0.757785461022599,1
video9830.webm,0.7503370720193479,1
video9836.webm,0.7605017900893164,1
video9837.webm,0.8000259038020133,1
video9841.webm,0.8026406809617603,1
video9863.webm,0.7945198773102922,1
video9865.webm,0.7688084360135775,1
video9866.webm,0.8077909786627551,1
video9867.webm,0.7907451794650534,1
video9868.webm,0.7998588062188013,1
video9869.webm,0.7253510299865881,1
video987.webm,0.7899593746928675,1
video9880.webm,0.7732860571537707,1
video9882.webm,0.7903994568709434,1
video9886.webm,0.8245869406517119,1
video9887.webm,0.7741350166821473,1
video989.webm,0.7889150061477055,1
video9899.webm,0.7906569794075956,1
video99.webm,0.7658004106485258,1
video9902.webm,0.7761108988026807,1
video9910.webm,0.7767548341441226,1
video9911.webm,0.7932617350097727,1
video9912.webm,0.7946682728730555,1
video9916.webm,0.7890219450424835,1
video9919.webm,0.7786581813525792,1
video9921.webm,0.8139879536478183,1
video9922.webm,0.8130170481470537,1
video9924.webm,0.809117071340495,1
video9933.webm,0.775654742454438,1
video9934.webm,0.7739495194851127,1
video9937.webm,0.7868278494144042,1
video9941.webm,0.7991533288161632,1
video9947.webm,0.7667530837745063,1
video9953.webm,0.7843741066525364,1
video9955.webm,0.8113786696971722,1
video996.webm,0.7769071527395834,1
video9962.webm,0.7597451535708042,1
video9973.webm,0.836796200060231,1
video9978.webm,0.7769494850270606,1
video9979.webm,0.7641967856374994,1
