video1.webm,0.7502752840958232,1
video1000.webm,0.7879686067669811,1
video1002.webm,0.82151515068091,1
video1008.webm,0.8015872287501041,1
video1010.webm,0.7807764962571706,1
video1011.webm,0.8166575230887279,1
video1013.webm,0.7813390425455357,1
video1016.webm,0.7526816461730387,1
video1018.webm,0.7750265802239311,1
video1026.webm,0.7790807989634865,1
video1029.webm,0.8445707103092008,1
video103.webm,0.7618353557520299,1
video1034.webm,0.7672185828607158,1
video1037.webm,0.8101347070259268,1
video1058.webm,0.8166397291542196,1
video1059.webm,0.7606274828336027,1
video1062.webm,0.7652087689659857,1
video1068.webm,0.7864874950957226,1
video1072.webm,0.7683324267286875,1
video1082.webm,0.7887098761671171,1
video1087.webm,0.7851398644521447,1
video109.webm,0.8361265903313131,1
video1092.webm,0.7865475740779597,1
video1094.webm,0.8413790041416757,1
video1096.webm,0.8046923084468549,1
video1098.webm,0.7862644708684983,1
video11.webm,0.8079545323651238,1
video1101.webm,0.8663373383913109,1
video1108.webm,0.7902492351140395,1
video111.webm,0.8038329367295111,1
video1113.webm,0.7467065278159013,1
video1120.webm,0.7530892113208008,1
video1123.webm,0.8156051649641434,1
video1126.webm,0.7599207429561547,1
video1130.webm,0.7530079544589319,1
video1138.webm,0.827046252391703,1
video1140.webm,0.8216836497456194,1
video1141.webm,0.7281896176011547,1
video1142.webm,0.7634843250720713,1
video1151.webm,0.7964719462695102,1
video1155.webm,0.7824627324812625,1
video1157.webm,0.8296425561493275,1
video1158.webm,0.8015046419242289,1
video116.webm,0.7640290916621537,1
video1169.webm,0.7946899548627802,1
video117.webm,0.7951735213982236,1
video1172.webm,0.7769111951183842,1
video1179.webm,0.7532598495424564,1
video118.webm,0.834435414461552,1
video1180.webm,0.804728164934946,1
video1187.webm,0.7416664317753676,1
video1206.webm,0.7948989086262093,1
video1209.webm,0.750757311944215,1
video1218.webm,0.8032699357112729,1
video1226.webm,0.7655402737696351,1
video1227.webm,0.8021983644050581,1
video1232.webm,0.8029669675393734,1
video1237.webm,0.8228486969464344,1
video1240.webm,0.7700076712354572,1
video1248.webm,0.7384482330084076,1
video1252.webm,0.7723627093761882,1
video1262.webm,0.8273339684755516,1
video1268.webm,0.8417116000203541,1
video1269.webm,0.7567254727285999,1
video127.webm,0.7632353418051478,1
video1271.webm,0.8043891544216709,1
video1276.webm,0.8340085258615234,1
video1279.webm,0.7270155235318232,1
video1287.webm,0.840826262042714,1
video1292.webm,0.7525228671909907,1
video1302.webm,0.8122849563200993,1
video1303.webm,0.7321572497877129,1
video1304.webm,0.7461774940624029,1
video1306.webm,0.7440635425758269,1
video1308.webm,0.812979331907556,1
video1313.webm,0.8063793783148593,1
video1314.webm,0.8525233327214164,1
video1316.webm,0.7329560851642172,1
video1318.webm,0.7316920040660455,1
video1320.webm,0.7434007668330271,1
video1323.webm,0.80593262457758,1
video1326.webm,0.7507102440316684,1
video1327.webm,0.815870133465575,1
video1331.webm,0.7282300994305044,1
video1334.webm,0.7654682363181955,1
video1339.webm,0.7734052356151697,1
video134.webm,0.7531283699256525,1
video1344.webm,0.6766323862050183,1
video1349.webm,0.7814997705604669,1
video135.webm,0.6920446423248563,1
video1350.webm,0.7967929547591477,1
video1360.webm,0.750231301579916,1
video1361.webm,0.7785627867179659,1
video1362.webm,0.7830539041156445,1
video1370.webm,0.8285812283886874,1
video1372.webm,0.8196524165583812,1
video1374.webm,0.825069773039495,1
video1376.webm,0.8162507072264564,1
video1379.webm,0.8042417436354848,1
video1381.webm,0.689661038360377,1
video1384.webm,0.8246875873074964,1
video139.webm,0.7258451306559344,1
video1390.webm,0.8436664993041341,1
video1391.webm,0.8375665827019949,1
video1396.webm,0.7757517685616804,1
video14.webm,0.7789715438906113,1
video1400.webm,0.7004351739093412,1
video1418.webm,0.829608083973501,1
video1424.webm,0.7737250660505117,1
video1425.webm,0.819712933494388,1
video144.webm,0.7866349848397093,1
video1442.webm,0.7700784920867703,1
video1448.webm,0.7617830111779462,1
video1450.webm,0.7919808459730715,1
video1468.webm,0.8207775066707728,1
video1469.webm,0.7922556822556523,1
video147.webm,0.8404759855174054,1
video1475.webm,0.8364581246967662,1
video148.webm,0.7387730602315328,1
video1495.webm,0.7682762833388916,1
video15.webm,0.7781760870348238,1
video1500.webm,0.7832346792778828,1
video1501.webm,0.8368339970758815,1
video1512.webm,0.8181468765977186,1
video152.webm,0.8079637957979484,1
video1520.webm,0.7466069308992738,1
video1521.webm,0.7708799640719839,1
video1523.webm,0.8543999357227078,1
video1532.webm,0.8089987681109705,1
video1545.webm,0.7348360891582025,1
video1552.webm,0.7966987236624581,1
video1557.webm,0.6672770728997524,1
video1566.webm,0.7141465981690709,1
video1567.webm,0.7821164944640853,1
video1568.webm,0.821762972968769,1
video1577.webm,0.7313337038004151,1
video1578.webm,0.761898852329085,1
video1579.webm,0.7671768483216228,1
video1582.webm,0.8462276432063753,1
video1585.webm,0.8279507953888688,1
video1587.webm,0.7720461451116298,1
video1588.webm,0.7158576449098815,1
video1589.webm,0.7973181881100231,1
video1616.webm,0.7429539715881894,1
video1617.webm,0.7483342290154347,1
video1620.webm,0.8402641666874104,1
video1621.webm,0.6730851245504363,1
video1622.webm,0.7631641543158107,1
video1623.webm,0.7958892172882499,1
video1624.webm,0.7598916785039537,1
video1626.webm,0.764684589710168,1
video1635.webm,0.7113402795360797,1
video1641.webm,0.7955087375208599,1
video1650.webm,0.8118624725971411,1
video1651.webm,0.7795476443522542,1
video1653.webm,0.7855256639999759,1
video1659.webm,0.8189089158498015,1
video1666.webm,0.7202588174996427,1
video1668.webm,0.8623860918484866,1
video1671.webm,0.7910839107129473,1
video169.webm,0.7146109575417462,1
video1692.webm,0.8224201389777215,1
video1706.webm,0.7967121828367993,1
video1710.webm,0.7468642413957732,1
video1712.webm,0.8418835048422937,1
video1713.webm,0.6635250960427401,1
video1720.webm,0.791391227450111,1
video1723.webm,0.8155984318066767,1
video1726.webm,0.791161456444944,1
video1728.webm,0.8229215239749001,1
video174.webm,0.8196351509556125,1
video1752.webm,0.7729406335228718,1
video1754.webm,0.7965186023913671,1
video1773.webm,0.8237834824189385,1
video1775.webm,0.785228831059694,1
video1776.webm,0.7788672553700662,1
video1783.webm,0.7812738890403017,1
video1787.webm,0.8147817619987995,1
video1788.webm,0.6309636693082261,1
video1791.webm,0.7600843194739779,1
video1792.webm,0.7089659057095744,1
video1796.webm,0.7953018781195342,1
video1798.webm,0.7962560772365608,1
video1808.webm,0.7598352908883723,1
video181.webm,0.8439776238944758,1
video1816.webm,0.7991835258257105,1
video1820.webm,0.8314547968617161,1
video1831.webm,0.8503051092760618,1
video1836.webm,0.7988446017579086,1
video1840.webm,0.7630993554222032,1
video1842.webm,0.7347563462862507,1
video1845.webm,0.730293065688763,1
video1853.webm,0.8079090864918801,1
video1856.webm,0.7493765687232661,1
video1870.webm,0.778595410241631,1
video1875.webm,0.8284049556040968,1
video1876.webm,0.7888976671495901,1
video1890.webm,0.7683692065010751,1
video1892.webm,0.7754901685443212,1
video1902.webm,0.7368121492016131,1
video1910.webm,0.7604930088117983,1
video1917.webm,0.5945007920577491,1
video1925.webm,0.7553724841032567,1
video1927.webm,0.8072236442345595,1
video1930.webm,0.715579334342958,1
video1932.webm,0.7463647636976274,1
video1935.webm,0.8136143581307166,1
video194.webm,0.7503954013296426,1
video1945.webm,0.7804599619321733,1
video1949.webm,0.8378768708532011,1
video1959.webm,0.8429836048414368,1
video197.webm,0.7045034032849066,1
video1970.webm,0.7684221430120431,1
video1972.webm,0.7532110849268617,1
video1978.webm,0.7876803437021047,1
video1987.webm,0.8103618049111004,1
video1992.webm,0.7761753919122312,1
video1994.webm,0.8115040190270557,1
video2.webm,0.7299493079299741,1
video2000.webm,0.833795150845291,1
video2006.webm,0.7005763479966874,1
video2007.webm,0.6313743836688333,1
video2010.webm,0.7986937026512346,1
video2015.webm,0.7304918715956645,1
video2017.webm,0.8032768538712477,1
video202.webm,0.7899931851914802,1
video2021.webm,0.7255962672370786,1
video2023.webm,0.7881966551510038,1
video2039.webm,0.7915857127919826,1
video204.webm,0.7402697169275351,1
video2040.webm,0.822289187856516,1
video2043.webm,0.7924396616668703,1
video2047.webm,0.6734034983747159,1
video2048.webm,0.621714997449671,1
video2053.webm,0.7533838793808632,1
video2056.webm,0.7891488217601237,1
video2057.webm,0.6986939782645964,1
video2067.webm,0.7781609786565375,1
video2080.webm,0.779717342353325,1
video2081.webm,0.804648820249783,1
video2083.webm,0.7262768294093962,1
video2084.webm,0.8774086951309928,1
video2085.webm,0.7459976765741296,1
video2090.webm,0.7990483688901325,1
video2092.webm,0.8076548329090701,1
video2094.webm,0.8035428939822462,1
video2096.webm,0.8269560161870224,1
video2099.webm,0.778375580093831,1
video2102.webm,0.7536455383315939,1
video2109.webm,0.8212625257978441,1
video2110.webm,0.8558383240388845,1
video2113.webm,0.6454055363937738,1
video2123.webm,0.7539646918458098,1
video213.webm,0.7559962616241569,1
video2134.webm,0.7577227530464367,1
video2139.webm,0.8073078954275484,1
video2142.webm,0.771589996456485,1
video2154.webm,0.6920287685646848,1
video2158.webm,0.8162232591914572,1
video2160.webm,0.8236879830685668,1
video2161.webm,0.8093927965274688,1
video2164.webm,0.7669696531949273,1
video2167.webm,0.7474022461323011,1
video2170.webm,0.8354653337593816,1
video2174.webm,0.7467953679410347,1
video219.webm,0.7352412654785556,1
video2194.webm,0.7615681527486104,1
video2195.webm,0.7613814734856037,1
video2196.webm,0.7680307395090955,1
video2198.webm,0.7933165387847503,1
video2204.webm,0.7587108256519965,1
video2216.webm,0.8485171619590753,1
video2219.webm,0.7632971604232114,1
video2225.webm,0.7972491320382395,1
video2229.webm,0.7096604992947831,1
video2230.webm,0.8001126844154662,1
video2231.webm,0.8219275622235843,1
video2241.webm,0.8653464579881545,1
video2243.webm,0.7966302228278805,1
video2247.webm,0.7640521374960993,1
video226.webm,0.7588485474539401,1
video2265.webm,0.7875536378943492,1
video2269.webm,0.7949871728303023,1
video2271.webm,0.8137440174500912,1
video2277.webm,0.7834861173497846,1
video2279.webm,0.7498451267571575,1
video2281.webm,0.8306004280482409,1
video2287.webm,0.7766950896678537,1
video2288.webm,0.7624753264447602,1
video229.webm,0.8407982111821566,1
video2294.webm,0.8094796440190773,1
video2299.webm,0.7550365164790824,1
video230.webm,0.8011090290463447,1
video2305.webm,0.777682292673155,1
video2307.webm,0.7729038061632181,1
video2313.webm,0.7701213407291696,1
video232.webm,0.844242085987605,1
video2320.webm,0.7886790248115931,1
video2331.webm,0.7964841511172756,1
video2333.webm,0.8620975059254008,1
video2338.webm,0.7953868599335681,1
video2346.webm,0.796784225082893,1
video235.webm,0.7300334275655717,1
video2350.webm,0.8152863327916577,1
video2366.webm,0.7757350527617128,1
video2368.webm,0.8311699294124392,1
video2371.webm,0.753699729852758,1
video2378.webm,0.8425595454352137,1
video2384.webm,0.8201830479668119,1
video2390.webm,0.7855689939990915,1
video2392.webm,0.8171953035505843,1
video24.webm,0.6338909480650843,1
video2401.webm,0.7850439758960879,1
video2407.webm,0.7561616937394477,1
video2409.webm,0.7833119058878006,1
video2415.webm,0.8082002671307652,1
video2416.webm,0.7753204644966238,1
video2417.webm,0.7140747501763849,1
video242.webm,0.7893611082070641,1
video2427.webm,0.7954100198251063,1
video2428.webm,0.793079979515702,1
video2439.webm,0.7446769223135131,1
video2442.webm,0.8345323802583127,1
video2451.webm,0.8009124995624779,1
video2452.webm,0.8034654445213834,1
video246.webm,0.7568894822702774,1
video2462.webm,0.8364942048560445,1
video2465.webm,0.8128799326628355,1
video2468.webm,0.8437934632353129,1
video2481.webm,0.7778785281644242,1
video2487.webm,0.7477705067290961,1
video2493.webm,0.8001594889477089,1
video2503.webm,0.8102654099432649,1
video2504.webm,0.8031123481374256,1
video2506.webm,0.7381912037907161,1
video2510.webm,0.7567364964704246,1
video2511.webm,0.7902966301946854,1
video2518.webm,0.8501701450554532,1
video252.webm,0.7328938021405218,1
video2521.webm,0.7664337083896868,1
video2522.webm,0.7969109763521782,1
video2526.webm,0.7584552985092323,1
video2534.webm,0.78068343009749,1
video2537.webm,0.76759635778812,1
video2544.webm,0.8694359041923237,1
video2560.webm,0.7083469446090718,1
video2563.webm,0.8150777384378152,1
video2565.webm,0.8222779551159007,1
video2572.webm,0.8182248375104011,1
video2577.webm,0.7188543359654915,1
video2578.webm,0.8159292447294426,1
video2579.webm,0.7587008277817098,1
video2590.webm,0.7229426002195418,1
video2595.webm,0.7809818681490371,1
video2606.webm,0.8258888528297683,1
video2611.webm,0.7473886902294278,1
video2612.webm,0.7144738991849995,1
video2617.webm,0.789090708844554,1
video262.webm,0.692594618724128,1
video2624.webm,0.7570583452147315,1
video2626.webm,0.8435883212194866,1
video263.webm,0.8274928447223524,1
video2631.webm,0.7834673351089748,1
video2633.webm,0.8282370388865717,1
video264.webm,0.7876281075766822,1
video2644.webm,0.8152553201806791,1
video2648.webm,0.7947252452292477,1
video2657.webm,0.7605881385522215,1
video266.webm,0.8219443276365197,1
video2661.webm,0.7967506341804933,1
video2662.webm,0.8345380115603664,1
video2675.webm,0.72569139434952,1
video2676.webm,0.8378880963592007,1
video2679.webm,0.8235475240622533,1
video268.webm,0.8022351246965107,1
video2683.webm,0.8151479372624778,1
video2692.webm,0.792134699034997,1
video2697.webm,0.7918181476827435,1
video2698.webm,0.8076412495039949,1
video2699.webm,0.7856957062089159,1
video270.webm,0.7649323909142536,1
video2716.webm,0.7886901601589533,1
video2720.webm,0.8212378566696992,1
video2721.webm,0.7912754603908319,1
video2723.webm,0.7918999627072653,1
video2725.webm,0.8135229766451668,1
video2730.webm,0.7390297601586293,1
video2735.webm,0.8041312130531397,1
video2746.webm,0.7757429649915792,1
video2751.webm,0.7897848796302209,1
video2752.webm,0.6736148790074347,1
video2753.webm,0.7971090146156692,1
video2754.webm,0.8041203967313144,1
video2766.webm,0.8049400676728116,1
video2768.webm,0.7691654233552125,1
video2776.webm,0.8093922494572794,1
video2778.webm,0.8031709183021818,1
video2783.webm,0.7122685010289154,1
video2790.webm,0.8272757158515365,1
video2795.webm,0.7483383772053638,1
video2806.webm,0.7989778044401092,1
video2810.webm,0.7685801738814981,1
video2814.webm,0.8536281631262043,1
video2815.webm,0.6851641594243264,1
video2818.webm,0.7616265234773902,1
video2820.webm,0.8129923099508648,1
video2822.webm,0.8174331460986245,1
video2824.webm,0.8078705974581861,1
video2837.webm,0.8110523269024978,1
video2842.webm,0.8240893129769596,1
video2847.webm,0.7542446907142624,1
video285.webm,0.8147235077385482,1
video2851.webm,0.8074999894878652,1
video2852.webm,0.793459827493265,1
video2854.webm,0.8014370019965026,1
video2856.webm,0.8154385179344336,1
video2858.webm,0.6533401301318749,1
video286.webm,0.6990571969959364,1
video2864.webm,0.812401154063984,1
video2870.webm,0.7981099617817958,1
video2872.webm,0.7969870301010584,1
video2873.webm,0.7858780896017609,1
video2877.webm,0.819705199942787,1
video2885.webm,0.7909743371544061,1
video289.webm,0.7890208111924587,1
video2890.webm,0.8629043836872932,1
video2905.webm,0.8561530603319285,1
video2912.webm,0.7786286016717847,1
video2918.webm,0.852374497316112,1
video2926.webm,0.8018063884341704,1
video2940.webm,0.7492954114970978,1
video2950.webm,0.745439907645727,1
video2957.webm,0.7241673404005942,1
video2966.webm,0.8344601666025364,1
video2969.webm,0.7608885281502265,1
video2975.webm,0.7834246321324954,1
video2976.webm,0.7980844655301378,1
video2980.webm,0.8129658469787373,1
video2989.webm,0.8260084790199178,1
video2993.webm,0.8023388042898032,1
video2995.webm,0.680036971334508,1
video3008.webm,0.8395478670221259,1
video3011.webm,0.8211811834466172,1
video3013.webm,0.7468984265811702,1
video3016.webm,0.8229890100349586,1
video3017.webm,0.7046550310679258,1
video3027.webm,0.7962165799750054,1
video3033.webm,0.78779571586084,1
video3034.webm,0.8241355525753806,1
video3038.webm,0.8205655527777642,1
video3045.webm,0.7801886977305292,1
video3052.webm,0.7473107264213652,1
video3064.webm,0.8630716247191579,1
video307.webm,0.780842047248292,1
video3070.webm,0.8249011703596298,1
video3071.webm,0.6963135868103043,1
video3075.webm,0.8449344231274051,1
video3081.webm,0.7885832873376458,1
video3083.webm,0.724686301985132,1
video3085.webm,0.7924535812867306,1
video3088.webm,0.8035538719485815,1
video309.webm,0.7765478254257876,1
video3108.webm,0.9096107251166906,1
video3110.webm,0.8323050265159855,1
video3115.webm,0.7611259635660813,1
video312.webm,0.7795194602381543,1
video314.webm,0.7962420371162124,1
video3140.webm,0.7760396102799278,1
video3141.webm,0.8146040606414721,1
video3143.webm,0.7275354476327538,1
video3148.webm,0.8312779674686449,1
video3156.webm,0.8171822494495842,1
video3157.webm,0.7833130098546705,1
video3164.webm,0.7019161765880475,1
video3166.webm,0.8534633360501057,1
video3170.webm,0.8028983683024509,1
video3174.webm,0.8287709826138663,1
video3198.webm,0.7246326664824376,1
video320.webm,0.7036036570492907,1
video3203.webm,0.7482896938003483,1
video3209.webm,0.7672277979955449,1
video3210.webm,0.8124990572101849,1
video3219.webm,0.7607366126557045,1
video3222.webm,0.7923189311256144,1
video3226.webm,0.8375411975720318,1
video3228.webm,0.705007577907235,1
video3229.webm,0.8400035706121655,1
video3233.webm,0.7733130580141947,1
video3234.webm,0.757844238037154,1
video3240.webm,0.8196335381088402,1
video3241.webm,0.7997575895013227,1
video3253.webm,0.7498979169923791,1
video3257.webm,0.7469262015924054,1
video3260.webm,0.8512429892808662,1
video3267.webm,0.8374253418436194,1
video3272.webm,0.7598845102323033,1
video3274.webm,0.7951237996254054,1
video3279.webm,0.7991800160695695,1
video328.webm,0.8227755709784701,1
video3289.webm,0.7917958674447823,1
video3290.webm,0.8016769896306404,1
video3293.webm,0.8600218849653836,1
video3295.webm,0.7967546928689431,1
video3296.webm,0.7952885671303178,1
video3298.webm,0.8156905026257143,1
video3300.webm,0.8105348679631813,1
video3302.webm,0.7628546537238922,1
video3303.webm,0.8203592274389251,1
video3306.webm,0.8132969120165947,1
video3310.webm,0.7967882628696393,1
video3312.webm,0.7722482012325453,1
video3320.webm,0.7723040130161747,1
video3326.webm,0.8640846254898128,1
video3332.webm,0.7601048551424499,1
video3336.webm,0.8222605954093699,1
video3337.webm,0.8445942789673947,1
video3342.webm,0.8013485811695148,1
video3345.webm,0.7559889097841255,1
video3347.webm,0.8517072911656131,1
video3349.webm,0.8398952622910174,1
video3350.webm,0.7886311960352825,1
video3355.webm,0.7996174711650068,1
video3356.webm,0.7958612460810446,1
video3360.webm,0.7810471601986385,1
video3364.webm,0.7850821885250272,1
video3366.webm,0.7658543312149533,1
video3369.webm,0.8588282662366868,1
video337.webm,0.8017267692210079,1
video3372.webm,0.7776032252288714,1
video3374.webm,0.8213846042978843,1
video3378.webm,0.8110638706677019,1
video3381.webm,0.7453493519947271,1
video3383.webm,0.753139152332952,1
video3385.webm,0.8225414380696229,1
video3413.webm,0.7751745740306981,1
video3419.webm,0.7664542581730507,1
video3422.webm,0.8216696128173027,1
video3424.webm,0.7385450784527428,1
video3429.webm,0.812987726535754,1
video343.webm,0.7865294574432625,1
video3432.webm,0.7670898817716001,1
video3437.webm,0.7474011389168741,1
video3438.webm,0.7570307830061807,1
video3443.webm,0.6672420713651392,1
video3445.webm,0.8212585780381931,1
video3446.webm,0.7744915221998547,1
video3458.webm,0.7798247020487922,1
video3461.webm,0.8135715473514645,1
video3464.webm,0.7802446836285049,1
video3467.webm,0.765843284578577,1
video3469.webm,0.789338981941353,1
video3473.webm,0.735723964340772,1
video3475.webm,0.8574635459482512,1
video3483.webm,0.7897804175651706,1
video3484.webm,0.8072069370235411,1
video3485.webm,0.7685233483421435,1
video3486.webm,0.7526938037641715,1
video3494.webm,0.7654045282654149,1
video350.webm,0.8231157186134743,1
video3502.webm,0.794144450147443,1
video3514.webm,0.7655221343496796,1
video3520.webm,0.856539518588135,1
video3521.webm,0.7668651057797289,1
video3522.webm,0.6992077410268815,1
video3531.webm,0.6550038109587051,1
video3541.webm,0.7605792230172082,1
video3542.webm,0.8008056584773646,1
video3544.webm,0.6149456345361737,1
video3548.webm,0.8045572864237942,1
video3549.webm,0.8186615060171532,1
video3550.webm,0.7098628725133656,1
video3552.webm,0.7477044318110005,1
video3559.webm,0.7465703993358357,1
video3562.webm,0.758272575439927,1
video3565.webm,0.8159364142495115,1
video3566.webm,0.7749255423486596,1
video3568.webm,0.7178479878793016,1
video3573.webm,0.8323957169622416,1
video3581.webm,0.8102871669851412,1
video3586.webm,0.7293643362409677,1
video3587.webm,0.7973418077968275,1
video3589.webm,0.7995124758868676,1
video3594.webm,0.7694880715259924,1
video360.webm,0.8284073042651036,1
video3600.webm,0.7837850682938954,1
video3609.webm,0.7439885878200032,1
video3615.webm,0.8062531567182629,1
video3621.webm,0.8275928722541966,1
video3623.webm,0.753286377742795,1
video3625.webm,0.8072432986303189,1
video363.webm,0.8503915346305926,1
video3630.webm,0.7265972555875835,1
video3633.webm,0.7167072261425882,1
video3638.webm,0.7598019283184132,1
video3640.webm,0.8727678969042384,1
video3644.webm,0.8004404259785459,1
video3645.webm,0.7279255806039723,1
video3646.webm,0.7531190801686967,1
video3648.webm,0.772660048905557,1
video3651.webm,0.7889540264112267,1
video3658.webm,0.8595402344383335,1
video3660.webm,0.748109645393167,1
video3661.webm,0.8187235108135836,1
video3670.webm,0.7373336616825943,1
video3671.webm,0.7950088723636506,1
video3674.webm,0.74579265388218,1
video3678.webm,0.7976320130065826,1
video3681.webm,0.7529768890491079,1
video3684.webm,0.7382858133509351,1
video3687.webm,0.7994006483467158,1
video3689.webm,0.7964359988260874,1
video3695.webm,0.8356847283946192,1
video3703.webm,0.7046721794048678,1
video3706.webm,0.7949879232710088,1
video3708.webm,0.7573491642468502,1
video3709.webm,0.834460764764425,1
video3716.webm,0.834575767160528,1
video3722.webm,0.7096949716493283,1
video3725.webm,0.7792380284733007,1
video3729.webm,0.7379636400731896,1
video374.webm,0.8696561486165395,1
video3743.webm,0.7510105768007262,1
video3744.webm,0.7627490791499678,1
video3753.webm,0.8610045066466451,1
video376.webm,0.7894912129357332,1
video3774.webm,0.7660143007202642,1
video3775.webm,0.8013753883126828,1
video3781.webm,0.7502311717773187,1
video3782.webm,0.76377806851562,1
video3796.webm,0.7411976541513919,1
video380.webm,0.7852988751396323,1
video3805.webm,0.791849764291346,1
video3806.webm,0.7270214802941126,1
video3808.webm,0.8278505846361585,1
video3823.webm,0.7789646673279766,1
video3826.webm,0.7489195828397457,1
video3827.webm,0.7679892570473807,1
video383.webm,0.7998321360989231,1
video3830.webm,0.8086327240494176,1
video3841.webm,0.7863832318765607,1
video3848.webm,0.7967001340669513,1
video3856.webm,0.779989363252039,1
video3865.webm,0.7297915702244484,1
video3870.webm,0.7283327587655652,1
video3875.webm,0.7920525101176348,1
video3876.webm,0.7639201221428975,1
video3878.webm,0.8379082172014106,1
video3879.webm,0.8667959476774438,1
video388.webm,0.7814849473247174,1
video3883.webm,0.8014675561003624,1
video3888.webm,0.7936662656375602,1
video3900.webm,0.7707296308840459,1
video3902.webm,0.8182571644625612,1
video3906.webm,0.792592994105132,1
video3911.webm,0.7690320607040262,1
video3915.webm,0.7641703471331615,1
video3916.webm,0.7645801163219829,1
video3920.webm,0.7710537869138614,1
video3921.webm,0.7645831010270039,1
video3930.webm,0.7700455358484266,1
video3934.webm,0.82233385600307,1
video3935.webm,0.7887903434981451,1
video3939.webm,0.7979906117941176,1
video3945.webm,0.8234252246308124,1
video3947.webm,0.8171582062989519,1
video3948.webm,0.7846666426050459,1
video3950.webm,0.8032373136117832,1
video3951.webm,0.8165430269510497,1
video3954.webm,0.8254228019179733,1
video3958.webm,0.8178942922240572,1
video3959.webm,0.7944514265579863,1
video3963.webm,0.7455601408450364,1
video3966.webm,0.7635013359543671,1
video397.webm,0.758708487738354,1
video3973.webm,0.7717693189608388,1
video3978.webm,0.8021696177115727,1
video3987.webm,0.7759619318503013,1
video3990.webm,0.8024032511171509,1
video3992.webm,0.7906522975061226,1
video3996.webm,0.7654732731162786,1
video3998.webm,0.821958112823824,1
video3999.webm,0.7917738658367076,1
video4001.webm,0.7846595998043435,1
video4002.webm,0.7939785030962438,1
video4013.webm,0.8015231741408012,1
video4019.webm,0.7548771811085728,1
video4021.webm,0.7954156950048116,1
video4023.webm,0.8327255723076445,1
video4025.webm,0.7579482179097197,1
video4027.webm,0.7850603352861472,1
video4034.webm,0.7938606863789882,1
video4036.webm,0.7962409215693692,1
video4037.webm,0.7749978162179253,1
video4038.webm,0.8260050477296583,1
video4041.webm,0.7745115229379766,1
video4042.webm,0.8351952135518887,1
video4048.webm,0.7042504615243828,1
video4053.webm,0.8152882156410715,1
video406.webm,0.8002893136445173,1
video4072.webm,0.6883564307255512,1
video4073.webm,0.825113993159561,1
video4076.webm,0.7516429044194544,1
video4084.webm,0.8626952386024282,1
video4090.webm,0.8129562758160169,1
video4093.webm,0.7455947072759488,1
video4096.webm,0.8059260410231752,1
video4102.webm,0.8177728469078092,1
video4105.webm,0.753970919272569,1
video4112.webm,0.7836061269360655,1
video4114.webm,0.8229624406572684,1
video4115.webm,0.7771072253871135,1
video4126.webm,0.825792526156593,1
video4127.webm,0.7351279957844917,1
video4132.webm,0.8505396258489983,1
video4133.webm,0.7856656143021243,1
video4134.webm,0.7727964404561433,1
video4137.webm,0.7920659939098675,1
video414.webm,0.7787133493750964,1
video4146.webm,0.7997635590549963,1
video415.webm,0.8173310555996165,1
video4151.webm,0.8027307820940188,1
video4166.webm,0.7910950547767099,1
video4167.webm,0.84849604578555,1
video4176.webm,0.7323061798201844,1
video4177.webm,0.73472818150462,1
video4181.webm,0.774685585169737,1
video4188.webm,0.7776305724671784,1
video4197.webm,0.8043103353412202,1
video4199.webm,0.7447661953300118,1
video42.webm,0.8386659086967923,1
video420.webm,0.7262221207558974,1
video4201.webm,0.8169056403427077,1
video4215.webm,0.761186408729984,1
video422.webm,0.737112263720145,1
video4221.webm,0.8477564452157111,1
video4222.webm,0.8645663584311007,1
video4225.webm,0.8102485651765055,1
video4232.webm,0.7877176198125486,1
video4234.webm,0.7950082798402947,1
video4244.webm,0.8229141381679748,1
video4248.webm,0.7654736719065689,1
video4253.webm,0.7046942169937358,1
video4259.webm,0.6416172273880463,1
video426.webm,0.8141509023445177,1
video4267.webm,0.7678133572369179,1
video4268.webm,0.8129560265086608,1
video427.webm,0.7437252061993298,1
video4270.webm,0.8284316026393538,1
video4271.webm,0.782656516012231,1
video4289.webm,0.7838538811049396,1
video429.webm,0.8176577618401938,1
video4290.webm,0.7993057865761564,1
video4300.webm,0.7496569888279144,1
video4301.webm,0.8455290369706931,1
video4304.webm,0.778054802153161,1
video4311.webm,0.843956086894019,1
video4313.webm,0.6806369734770621,1
video4317.webm,0.7223491651428566,1
video432.webm,0.8113775185150376,1
video4320.webm,0.768767418378419,1
video4326.webm,0.7977779813428814,1
video4330.webm,0.8218487505823135,1
video4333.webm,0.7750537840085603,1
video4346.webm,0.7581268937877972,1
video4351.webm,0.8241853249382187,1
video436.webm,0.8465678372938277,1
video4361.webm,0.8159385608097939,1
video4362.webm,0.63495942711747,1
video4364.webm,0.7949928720174899,1
video4366.webm,0.7656886112486705,1
video4367.webm,0.80194659372456,1
video4372.webm,0.7476454279908927,1
video4377.webm,0.7082831045142215,1
video4383.webm,0.8193354863420295,1
video4384.webm,0.8026075872067688,1
video4395.webm,0.7838099793907293,1
video4398.webm,0.85425781596701,1
video4401.webm,0.7387510228331342,1
video4414.webm,0.8018324341939,1
video4415.webm,0.8028289944418893,1
video4417.webm,0.78799702722651,1
video4421.webm,0.7784866529253647,1
video4426.webm,0.7384826058784983,1
video4436.webm,0.767360616400657,1
video4437.webm,0.7684357735789304,1
video4438.webm,0.8293422010957812,1
video4445.webm,0.7615267421812144,1
video445.webm,0.734719054418215,1
video4454.webm,0.6972210533192775,1
video4457.webm,0.7449401740122052,1
video4466.webm,0.8337341777891631,1
video4489.webm,0.7712862868813942,1
video4490.webm,0.7856546756837486,1
video450.webm,0.7729429504759158,1
video4502.webm,0.732397394895246,1
video4509.webm,0.8303244605898074,1
video4514.webm,0.7685315530792611,1
video4517.webm,0.8131307068002748,1
video4521.webm,0.7942265058773101,1
video4532.webm,0.804297170544938,1
video4535.webm,0.8267154062782363,1
video4541.webm,0.7650085494645802,1
video4551.webm,0.7898985206678752,1
video4555.webm,0.8146767788282896,1
video4556.webm,0.7864896233086113,1
video4560.webm,0.8002299559468873,1
video4561.webm,0.7322811990618034,1
video457.webm,0.7521430799471664,1
video4572.webm,0.6916103889882255,1
video4574.webm,0.8204482962161975,1
video4579.webm,0.7631096939077446,1
video4584.webm,0.7311327594302306,1
video4586.webm,0.8317187020247655,1
video4588.webm,0.7778302725492756,1
video4589.webm,0.8294038245258537,1
video459.webm,0.7667013515620702,1
video4591.webm,0.7826154479445897,1
video4592.webm,0.8229864952076282,1
video4593.webm,0.8015501597135953,1
video4596.webm,0.7544292517199211,1
video4600.webm,0.7903075638983492,1
video4603.webm,0.8280668807237508,1
video4608.webm,0.720334347817994,1
video4616.webm,0.8222966847062555,1
video4624.webm,0.75276731941909,1
video4633.webm,0.8028217524661715,1
video4636.webm,0.7909375338450944,1
video4638.webm,0.7333909625869519,1
video4641.webm,0.8210138332964418,1
video4650.webm,0.8095376753957855,1
video4656.webm,0.814266059812075,1
video4659.webm,0.8168985743846952,1
video466.webm,0.8114809726669988,1
video4665.webm,0.7612623784014134,1
video4669.webm,0.8441958781295144,1
video4672.webm,0.7620586118500406,1
video4673.webm,0.7519960615451771,1
video4675.webm,0.6647355494187128,1
video4676.webm,0.8058987146193888,1
video468.webm,0.7589796821232473,1
video4682.webm,0.8277224282497482,1
video4683.webm,0.7864176873051818,1
video469.webm,0.7736509229822426,1
video4691.webm,0.8285604940594963,1
video4693.webm,0.7825609690015807,1
video4694.webm,0.7364947761526701,1
video4696.webm,0.765176943832886,1
video4698.webm,0.7017765781112296,1
video4705.webm,0.7802359380892225,1
video471.webm,0.7558076237730609,1
video4711.webm,0.8044529766395361,1
video4713.webm,0.7652591834618557,1
video4724.webm,0.7470070397709053,1
video4727.webm,0.7114413237155349,1
video4728.webm,0.8366462414437256,1
video474.webm,0.737884245268587,1
video4744.webm,0.7701643881407956,1
video4748.webm,0.7220652723287102,1
video4755.webm,0.8052560526227412,1
video4757.webm,0.768878640323996,1
video4762.webm,0.8159129394045435,1
video4767.webm,0.7974069279866226,1
video4778.webm,0.7839221301668334,1
video4784.webm,0.8016444723742872,1
video4785.webm,0.7910777743038456,1
video4786.webm,0.8188441524597736,1
video4789.webm,0.7570386179558843,1
video4792.webm,0.7707854564695394,1
video4806.webm,0.7951559807965841,1
video482.webm,0.7999539316398421,1
video4847.webm,0.7910026336466361,1
video4849.webm,0.7832897275433963,1
video4856.webm,0.7843770874305687,1
video4859.webm,0.8276818077736736,1
video4861.webm,0.7551066987595658,1
video4875.webm,0.7508534608299204,1
video4880.webm,0.8184811689848617,1
video4883.webm,0.7210204598227173,1
video4887.webm,0.7830718534065075,1
video4888.webm,0.7537173365547278,1
video4889.webm,0.7625934243065489,1
video4895.webm,0.7501790153856109,1
video4898.webm,0.7478267264143579,1
video4899.webm,0.7414044437017802,1
video490.webm,0.7919481963816841,1
video4905.webm,0.8070893242507446,1
video4908.webm,0.8056133475160341,1
video4913.webm,0.7771592187465054,1
video4915.webm,0.8140341948329599,1
video4919.webm,0.8262615671986041,1
video493.webm,0.7767588543105605,1
video4937.webm,0.8032430270949856,1
video4939.webm,0.7095293201345882,1
video4942.webm,0.7302087754745187,1
video4945.webm,0.8424519813892216,1
video4947.webm,0.7972735022606892,1
video4952.webm,0.8190248717213802,1
video4953.webm,0.835289544017698,1
video4955.webm,0.7460291240362105,1
video4957.webm,0.8100438355760949,1
video4958.webm,0.7885990630709632,1
video4969.webm,0.833155536950294,1
video4981.webm,0.7896861186051267,1
video4982.webm,0.8119272493802695,1
video4985.webm,0.7503214741302007,1
video4988.webm,0.8180979793971114,1
video5.webm,0.680495644448827,1
video50.webm,0.8174548992512924,1
video5003.webm,0.7956608370530107,1
video5005.webm,0.7721634295166181,1
video5009.webm,0.7996801569498122,1
video5011.webm,0.7363560996877125,1
video5014.webm,0.685397523084826,1
video5021.webm,0.7659288757635639,1
video5027.webm,0.8141575125398968,1
video5035.webm,0.7756488573385556,1
video5040.webm,0.7130634012992716,1
video5046.webm,0.7563457086907399,1
video5052.webm,0.7479719008567536,1
video5053.webm,0.729072336133423,1
video5054.webm,0.6692115469067795,1
video5057.webm,0.7979072255383688,1
video5065.webm,0.8008410324824253,1
video5067.webm,0.7764689757751249,1
video507.webm,0.7713873346208093,1
video5071.webm,0.8636725113849067,1
video5073.webm,0.7612354396846228,1
video5077.webm,0.806050058578342,1
video5079.webm,0.7344286906801265,1
video5092.webm,0.8144852995145588,1
video5094.webm,0.7534461663553798,1
video5096.webm,0.7899135962835839,1
video5098.webm,0.833526227972373,1
video5102.webm,0.8245363494108402,1
video5116.webm,0.8193707277188433,1
video5118.webm,0.7968114627385677,1
video5119.webm,0.7973378586085244,1
video5125.webm,0.7285993404596321,1
video5139.webm,0.7717372903274083,1
video514.webm,0.8062488789446495,1
video5148.webm,0.8046194906407192,1
video5149.webm,0.7715132762646878,1
video5152.webm,0.778713189542195,1
video5175.webm,0.8484202519692418,1
video5180.webm,0.780219073751913,1
video5188.webm,0.8366783358148657,1
video5190.webm,0.8326427785205724,1
video5191.webm,0.764096461959805,1
video520.webm,0.8004882371032918,1
video5209.webm,0.7577800413329074,1
video5210.webm,0.7841547433587988,1
video5216.webm,0.7737983610867025,1
video5217.webm,0.7385534098919928,1
video523.webm,0.7534773337120294,1
video5236.webm,0.80239550564485,1
video5256.webm,0.7788426433766699,1
video526.webm,0.8716575968535247,1
video5261.webm,0.759694819636457,1
video5267.webm,0.7717194697846107,1
video527.webm,0.736297605047541,1
video5273.webm,0.7738227471784117,1
video5276.webm,0.8265715618546453,1
video5277.webm,0.7834758282006186,1
video5278.webm,0.8033794788832268,1
video528.webm,0.8229920040177868,1
video5288.webm,0.7693835089540928,1
video5294.webm,0.7433275026844635,1
video5295.webm,0.7955642989855081,1
video5297.webm,0.7548344147375057,1
video5299.webm,0.7520363061574173,1
video5307.webm,0.6588937666141875,1
video5308.webm,0.8080403026230186,1
video5313.webm,0.7598193017444064,1
video5315.webm,0.7478087732087566,1
video5322.webm,0.8304874098107328,1
video5324.webm,0.7592385295125909,1
video5325.webm,0.7853672586025369,1
video5333.webm,0.8278979180028602,1
video5335.webm,0.7764760249874431,1
video5347.webm,0.8043100790229674,1
video5353.webm,0.8573492598957135,1
video5356.webm,0.8203675710557073,1
video5366.webm,0.7133266280642475,1
video5370.webm,0.7217539164254679,1
video5374.webm,0.8091329199824051,1
video5378.webm,0.8026275443135925,1
video5380.webm,0.8025568387038978,1
video5385.webm,0.8198501442451934,1
video5393.webm,0.8498109636696782,1
video5399.webm,0.7993326456111916,1
video5402.webm,0.7450569815121268,1
video5412.webm,0.7953522606777026,1
video5415.webm,0.7900586054171592,1
video5416.webm,0.8524926279393297,1
video5423.webm,0.8321212047844864,1
video5428.webm,0.7640306225992897,1
video5430.webm,0.8005718818923755,1
video5431.webm,0.8275960120260917,1
video5449.webm,0.7513723673554369,1
video5463.webm,0.7458642384454317,1
video5464.webm,0.7624136968966831,1
video5468.webm,0.8359546322447635,1
video5469.webm,0.8164868059405098,1
video5471.webm,0.7686961071451284,1
video5473.webm,0.7870576661584499,1
video5475.webm,0.8114567786834043,1
video5485.webm,0.6121040597983449,1
video5492.webm,0.8039546892465963,1
video5493.webm,0.6884967783182228,1
video5499.webm,0.7200787947898823,1
video551.webm,0.7542073459652048,1
video5515.webm,0.7842836916382062,1
video5517.webm,0.8204310545556763,1
video5523.webm,0.7787950922470342,1
video5527.webm,0.8025524772739028,1
video5529.webm,0.8043759283031624,1
video5531.webm,0.8024832240994778,1
video5532.webm,0.7884213539402214,1
video5534.webm,0.7844801282777351,1
video5537.webm,0.7495639288629328,1
video5540.webm,0.7576832756054261,1
video5549.webm,0.7813695820132809,1
video5556.webm,0.7468082432553356,1
video5557.webm,0.8711515182366314,1
video5558.webm,0.8114117442166571,1
video5572.webm,0.7474752819093664,1
video5574.webm,0.7679273349023779,1
video5583.webm,0.7495419270074304,1
video5586.webm,0.8406641505268652,1
video5599.webm,0.8370184124011182,1
video5603.webm,0.7161914245173221,1
video5613.webm,0.7704140289598062,1
video5631.webm,0.778350704965612,1
video5632.webm,0.6936841709122417,1
video5633.webm,0.7543171186175788,1
video5634.webm,0.7418231015157896,1
video5635.webm,0.7463608537200438,1
video5636.webm,0.766718191471425,1
video5642.webm,0.7679766339804699,1
video5647.webm,0.6985613423786057,1
video5652.webm,0.8024457460478451,1
video5659.webm,0.743754191905315,1
video5672.webm,0.795090430418423,1
video5680.webm,0.7767882600427967,1
video5683.webm,0.6395772176763959,1
video5690.webm,0.7810728892402392,1
video5692.webm,0.8526465906895007,1
video5695.webm,0.773254790862847,1
video570.webm,0.8030515117581274,1
video5708.webm,0.7045465578606609,1
video5714.webm,0.7783628007651602,1
video572.webm,0.7738198137911463,1
video5726.webm,0.8291380972326454,1
video5727.webm,0.7704128724535368,1
video5728.webm,0.7941439991900727,1
video5732.webm,0.8173362523725753,1
video5735.webm,0.7566537044926758,1
video5738.webm,0.7630080711153726,1
video5741.webm,0.7614640382260223,1
video5744.webm,0.7458382576226958,1
video5749.webm,0.8397416999971372,1
video575.webm,0.7628733908686819,1
video5752.webm,0.8663415485178672,1
video5774.webm,0.760971038655188,1
video5782.webm,0.7798638065141366,1
video5787.webm,0.8282523447594079,1
video5789.webm,0.7482214595351975,1
video5792.webm,0.7836379674555618,1
video5795.webm,0.8148693494003338,1
video5796.webm,0.807671924759199,1
video5798.webm,0.7834794689945658,1
video5803.webm,0.8060899398016743,1
video5814.webm,0.7297564689237831,1
video5820.webm,0.7922266436576842,1
video5827.webm,0.7762581430192725,1
video5830.webm,0.7740458607448398,1
video5834.webm,0.8156217361698628,1
video5836.webm,0.7682726092303684,1
video5839.webm,0.7794071459809944,1
video5844.webm,0.634847133220368,1
video5847.webm,0.8234988458961499,1
video5855.webm,0.8407292655501293,1
video5857.webm,0.6846712099361956,1
video5858.webm,0.7415289363506685,1
video5868.webm,0.7274851334094574,1
video5870.webm,0.7552514329068838,1
video5878.webm,0.7478322259594659,1
video588.webm,0.7927315601173556,1
video5882.webm,0.7918483014849932,1
video5885.webm,0.7706528372369684,1
video5894.webm,0.7843100854593117,1
video59.webm,0.7671332966057578,1
video5905.webm,0.7349069849598294,1
video5908.webm,0.7338610884748555,1
video5915.webm,0.7720782593812998,1
video5916.webm,0.7619022782012779,1
video5917.webm,0.7604010600796496,1
video5923.webm,0.7860674516629412,1
video5928.webm,0.7120571759278443,1
video5933.webm,0.7112420469814238,1
video5946.webm,0.776168140308232,1
video595.webm,0.7321723367110196,1
video596.webm,0.7669579162343174,1
video597.webm,0.7025754341294094,1
video5971.webm,0.7994313215164639,1
video5973.webm,0.8482901350829076,1
video5982.webm,0.7998814278503792,1
video5983.webm,0.8018873060953888,1
video5985.webm,0.7644741657708841,1
video5987.webm,0.8274376077040148,1
video5988.webm,0.7961534893354245,1
video5996.webm,0.8261811503801499,1
video5997.webm,0.8261927659717171,1
video5999.webm,0.8218151208317993,1
video6008.webm,0.8188122976566875,1
video601.webm,0.7938735888885511,1
video6014.webm,0.7838996031658398,1
video6020.webm,0.8216019809644344,1
video6023.webm,0.8085119971942568,1
video6025.webm,0.7661809106358841,1
video6029.webm,0.7723777984396616,1
video6035.webm,0.8315798600755897,1
video6045.webm,0.8379446121418047,1
video6046.webm,0.7832877011726318,1
video6053.webm,0.7673323748210152,1
video6066.webm,0.8056880226482118,1
video6070.webm,0.7026979337557926,1
video6078.webm,0.7929957940856576,1
video6082.webm,0.7322131274957208,1
video6083.webm,0.7557953403542998,1
video6085.webm,0.821658663807805,1
video6090.webm,0.7672257758620916,1
video6101.webm,0.807599308670268,1
video6108.webm,0.808298652285045,1
video6113.webm,0.7169811228498868,1
video6118.webm,0.8251887674553082,1
video6124.webm,0.8227361536786946,1
video6125.webm,0.7981472965850943,1
video613.webm,0.837215342618324,1
video6130.webm,0.8000558212139547,1
video6137.webm,0.7250193218925529,1
video6144.webm,0.7672197234422313,1
video6147.webm,0.6897545374220212,1
video6153.webm,0.7798191890176251,1
video6159.webm,0.7840971342827672,1
video6176.webm,0.7929204649921429,1
video6180.webm,0.8213918390102537,1
video6181.webm,0.829904641342553,1
video6193.webm,0.772714899632037,1
video6197.webm,0.7848473319797196,1
video6200.webm,0.769555250213325,1
video6202.webm,0.7809496823758061,1
video6211.webm,0.8512447190883741,1
video6217.webm,0.7972021090172443,1
video6220.webm,0.7789363659996267,1
video6222.webm,0.6495300863006128,1
video6223.webm,0.7715455240922562,1
video6226.webm,0.7907289496191237,1
video6228.webm,0.7677369667321362,1
video6229.webm,0.7188393396653585,1
video6238.webm,0.7828724433554595,1
video6241.webm,0.7690009116674132,1
video6242.webm,0.7886666448399609,1
video6249.webm,0.7709557429287757,1
video6251.webm,0.774205296075599,1
video6253.webm,0.8262637861609827,1
video6259.webm,0.7945185099709103,1
video6263.webm,0.8082134321757491,1
video6267.webm,0.7898934272027662,1
video6273.webm,0.7710099794008104,1
video6274.webm,0.7595377182234264,1
video6282.webm,0.7176590690848708,1
video6283.webm,0.8471477653448926,1
video6287.webm,0.8577167722705952,1
video6292.webm,0.7474319804704235,1
video630.webm,0.8138776864592598,1
video6300.webm,0.6873123901348428,1
video6301.webm,0.8316040037572264,1
video6302.webm,0.8146943001764324,1
video6308.webm,0.7770649102985345,1
video6314.webm,0.7730964950469954,1
video6327.webm,0.8368649882494335,1
video6334.webm,0.819773015802107,1
video6341.webm,0.7807412073293747,1
video6345.webm,0.8186195087860659,1
video6355.webm,0.7769176745491608,1
video6360.webm,0.7637805428886129,1
video6364.webm,0.7398736228702778,1
video6365.webm,0.8195335667332141,1
video6367.webm,0.7972482949031658,1
video6369.webm,0.8246095405355088,1
video637.webm,0.7712378216325155,1
video6371.webm,0.7865302516471546,1
video6372.webm,0.7885091666506646,1
video6374.webm,0.7859872450427956,1
video6375.webm,0.7962043457907653,1
video6383.webm,0.7820363254050405,1
video6384.webm,0.778628058997921,1
video6389.webm,0.774579638745436,1
video6394.webm,0.8007139818479687,1
video64.webm,0.7652187523268886,1
video6405.webm,0.8290292457382282,1
video6411.webm,0.7658703042467834,1
video6414.webm,0.780136705841145,1
video6417.webm,0.8390664399555692,1
video6424.webm,0.7687482368685535,1
video6428.webm,0.7477268322785722,1
video6430.webm,0.8415202140102007,1
video6435.webm,0.6031200838811911,1
video6443.webm,0.73305832223749,1
video6445.webm,0.8252812284542459,1
video6449.webm,0.8146612595848057,1
video645.webm,0.7311585435266214,1
video6451.webm,0.7250051707443257,1
video6455.webm,0.7539189192445768,1
video6459.webm,0.693855265671387,1
video6464.webm,0.738289141251962,1
video6468.webm,0.7732447853716415,1
video6469.webm,0.7643825330830052,1
video6471.webm,0.7857284868070757,1
video6472.webm,0.8445060364505413,1
video6482.webm,0.7964405807742945,1
video6487.webm,0.7813011446424095,1
video6490.webm,0.8389260293233382,1
video6495.webm,0.8125530156358161,1
video6497.webm,0.6661945989710023,1
video6500.webm,0.8093385176997013,1
video6511.webm,0.7190350001809147,1
video6513.webm,0.8435112011887247,1
video6514.webm,0.7361909056544165,1
video6520.webm,0.7478953544489126,1
video6522.webm,0.8378569136424541,1
video6529.webm,0.8009102622565302,1
video653.webm,0.77393954012294,1
video6548.webm,0.7591308890785651,1
video6549.webm,0.7528612714056652,1
video655.webm,0.8301793005092626,1
video6553.webm,0.7246828041386355,1
video6571.webm,0.7615523139718693,1
video6575.webm,0.7901765700673058,1
video658.webm,0.684439103213945,1
video6580.webm,0.8244549807037089,1
video659.webm,0.8337870214804262,1
video6597.webm,0.8363789106252865,1
video6603.webm,0.7259726958280998,1
video6605.webm,0.6157284346840167,1
video6606.webm,0.7219713603719949,1
video6612.webm,0.798693133789777,1
video6614.webm,0.8001830523003681,1
video6615.webm,0.6886424612968989,1
video6620.webm,0.7384098177741274,1
video6631.webm,0.7616349319108751,1
video6636.webm,0.7772316719214711,1
video6638.webm,0.7656921597081763,1
video6642.webm,0.7834669489066128,1
video6644.webm,0.7766351162186907,1
video6653.webm,0.7884705946159094,1
video6657.webm,0.7826548317602614,1
video666.webm,0.791332733308932,1
video6665.webm,0.747434504580357,1
video6666.webm,0.7891266460929494,1
video6679.webm,0.8604158508389279,1
video6685.webm,0.7839496394168365,1
video6693.webm,0.7637538829455295,1
video6697.webm,0.8237513540819433,1
video6698.webm,0.7773764434972845,1
video670.webm,0.7148447871590404,1
video6701.webm,0.7340225401275826,1
video6705.webm,0.7909511163494697,1
video6709.webm,0.8247391302642536,1
video6715.webm,0.7463599057817052,1
video6720.webm,0.7349139531530413,1
video6723.webm,0.8098859130165792,1
video6724.webm,0.7712786369396635,1
video6729.webm,0.8427292022779203,1
video673.webm,0.7678122452563556,1
video6732.webm,0.7670556704255905,1
video6738.webm,0.7204214900587615,1
video6739.webm,0.7735597181671461,1
video6744.webm,0.7958980815103103,1
video6750.webm,0.7546317570187511,1
video6758.webm,0.7854822998497176,1
video6761.webm,0.7496847848902484,1
video6768.webm,0.7824294090286796,1
video6770.webm,0.7705308302335169,1
video6774.webm,0.7243949275611818,1
video6775.webm,0.7571898326116646,1
video6778.webm,0.8390437601737697,1
video6787.webm,0.8304004079027545,1
video6805.webm,0.7834551036446994,1
video6818.webm,0.7824825829657159,1
video6821.webm,0.7795691389078616,1
video6824.webm,0.7606854622710388,1
video6827.webm,0.8528684498603871,1
video6835.webm,0.7799882850986298,1
video6837.webm,0.7991832184433671,1
video6838.webm,0.7922079388250295,1
video6840.webm,0.7934531984423644,1
video6843.webm,0.740659630919378,1
video6848.webm,0.816677065724434,1
video685.webm,0.7384512781633321,1
video6855.webm,0.779935519847051,1
video6857.webm,0.8073135528323815,1
video6867.webm,0.7819990563722687,1
video6868.webm,0.7256989883506269,1
video6874.webm,0.7821918264839405,1
video6881.webm,0.8039603602744241,1
video6884.webm,0.6955268797594789,1
video6892.webm,0.8079212017377246,1
video6902.webm,0.7949049108137456,1
video6906.webm,0.8124304778021856,1
video691.webm,0.7948261483610283,1
video6916.webm,0.7705046144562306,1
video693.webm,0.7542885456201944,1
video6930.webm,0.7935347584264785,1
video6938.webm,0.8053018089595955,1
video694.webm,0.745568862336371,1
video6943.webm,0.808371456528684,1
video6944.webm,0.7467231913446499,1
video6957.webm,0.7969974640685182,1
video6963.webm,0.829680062955157,1
video6967.webm,0.8023546827440515,1
video6969.webm,0.8200573764875843,1
video6971.webm,0.8265727041714529,1
video6972.webm,0.8043934904349478,1
video698.webm,0.8282323929868233,1
video6980.webm,0.7626687235166856,1
video6982.webm,0.7689246170521805,1
video6986.webm,0.7983123510423351,1
video6987.webm,0.7525149151830949,1
video6995.webm,0.8294988640210686,1
video6997.webm,0.762182867614078,1
video7.webm,0.7811348827196458,1
video70.webm,0.7837801826565708,1
video700.webm,0.7913528287757763,1
video7000.webm,0.7643736676190804,1
video7014.webm,0.8058519557272767,1
video7019.webm,0.8146174544057585,1
video702.webm,0.8170865855537387,1
video7020.webm,0.766398106121396,1
video7032.webm,0.7885839066941837,1
video7035.webm,0.7538698613461254,1
video7036.webm,0.7349250210973077,1
video7039.webm,0.807913471943313,1
video7049.webm,0.7885469838878261,1
video7053.webm,0.8391928202913013,1
video7054.webm,0.7931696069852395,1
video7055.webm,0.8821649508265813,1
video706.webm,0.852470346010337,1
video7062.webm,0.7637812567178787,1
video7068.webm,0.8609545833678159,1
video707.webm,0.7975653444402921,1
video7075.webm,0.7951382661705327,1
video7076.webm,0.7714603788907324,1
video7092.webm,0.8021904987987385,1
video71.webm,0.842288813211265,1
video710.webm,0.8340352649277318,1
video7107.webm,0.8430870487455937,1
video7111.webm,0.8491430367646725,1
video7120.webm,0.8024032127288786,1
video7123.webm,0.7891588441827011,1
video7124.webm,0.7535435309967788,1
video7130.webm,0.7860501537351077,1
video7137.webm,0.8341050686623254,1
video7139.webm,0.8454982236396432,1
video714.webm,0.7768198571333063,1
video7158.webm,0.7703281075513265,1
video7169.webm,0.764622274989325,1
video7171.webm,0.8476484839797916,1
video7178.webm,0.7998483928622592,1
video7182.webm,0.728767267841625,1
video7186.webm,0.7980521673370363,1
video7187.webm,0.7824149426134562,1
video7190.webm,0.7938784756654937,1
video7212.webm,0.8285372905275057,1
video7228.webm,0.8029567615346511,1
video7232.webm,0.8403068649626999,1
video7234.webm,0.7886303902852214,1
video7236.webm,0.7714547152482993,1
video7247.webm,0.8556315961829684,1
video7252.webm,0.6425676063540349,1
video7254.webm,0.7989594271167,1
video7268.webm,0.792947567010897,1
video7272.webm,0.7872436078667481,1
video7277.webm,0.8328295110322286,1
video7280.webm,0.7827164928068774,1
video7282.webm,0.7163010031217326,1
video7284.webm,0.8163450366584564,1
video7294.webm,0.8658492862620386,1
video7316.webm,0.8083649977200325,1
video7323.webm,0.7627324564595132,1
video7326.webm,0.8032443492743304,1
video7327.webm,0.7997845259758845,1
video7330.webm,0.8014624207537371,1
video7332.webm,0.743019248275909,1
video7340.webm,0.8078792334103204,1
video7353.webm,0.8398524529581636,1
video7354.webm,0.7991473545814881,1
video7356.webm,0.7938221805125016,1
video7357.webm,0.7974731598946749,1
video7366.webm,0.8241345404634453,1
video7368.webm,0.7418021743745491,1
video7369.webm,0.7832676252602389,1
video7371.webm,0.8286736349259755,1
video7379.webm,0.7774832019758579,1
video7384.webm,0.7506058303103125,1
video739.webm,0.8236007848410605,1
video7393.webm,0.7828715556843322,1
video7395.webm,0.8094282922910061,1
video7403.webm,0.7504873044201494,1
video7412.webm,0.8322665402214139,1
video7413.webm,0.8256799228371621,1
video7418.webm,0.778945341074744,1
video7420.webm,0.7843575878351955,1
video7425.webm,0.7714591559914439,1
video7430.webm,0.8066879876380607,1
video7440.webm,0.8116532593085308,1
video7441.webm,0.7820833058843206,1
video7449.webm,0.7549327192418311,1
video7450.webm,0.7687875868506338,1
video7455.webm,0.7220305040538992,1
video7459.webm,0.6765082689738084,1
video7460.webm,0.7403532315630896,1
video7464.webm,0.759754113743209,1
video7467.webm,0.7962595895305251,1
video7476.webm,0.7860982563256322,1
video748.webm,0.797163923429022,1
video7482.webm,0.77218664387729,1
video7484.webm,0.7739057757297667,1
video7487.webm,0.8341321468477626,1
video7490.webm,0.8317484693048427,1
video7501.webm,0.7846398236693877,1
video7509.webm,0.8015381364436767,1
video7512.webm,0.7942823149042757,1
video7514.webm,0.8051505200934193,1
video7529.webm,0.7764323468932848,1
video7537.webm,0.8250770587554187,1
video7547.webm,0.7537116094480042,1
video7551.webm,0.7245426098662928,1
video7553.webm,0.7651551942892095,1
video7557.webm,0.7240334869957525,1
video7559.webm,0.7525179497719632,1
video756.webm,0.8307228843512142,1
video7561.webm,0.8345025142873539,1
video7564.webm,0.8178651628981942,1
video7570.webm,0.7755779107273196,1
video7577.webm,0.8263665074387762,1
video7583.webm,0.8311739690203179,1
video7586.webm,0.8195026706134507,1
video7594.webm,0.824659541115167,1
video7595.webm,0.8433166355564281,1
video7601.webm,0.8106831376003352,1
video7620.webm,0.8088723091518453,1
video7622.webm,0.799319436374161,1
video7623.webm,0.8105441436530001,1
video7630.webm,0.7918239391817681,1
video7639.webm,0.799295455890549,1
video7645.webm,0.756321513774816,1
video7653.webm,0.771775538908763,1
video7658.webm,0.7907474078522023,1
video766.webm,0.7923436258073285,1
video7663.webm,0.7804050147940618,1
video7666.webm,0.8188414987996204,1
video7668.webm,0.7528686912738991,1
video768.webm,0.8246654097715395,1
video7684.webm,0.8159792146114024,1
video7685.webm,0.7383930085850263,1
video7693.webm,0.7990128777285328,1
video7695.webm,0.7720860609119939,1
video7700.webm,0.8102415483758756,1
video7708.webm,0.7645275211587215,1
video7709.webm,0.8003340208162044,1
video7712.webm,0.8147711672484003,1
video772.webm,0.7324565293785208,1
video7727.webm,0.8537356786274191,1
video7730.webm,0.8283293448415496,1
video7733.webm,0.7548722263985341,1
video7734.webm,0.7728177309719789,1
video7735.webm,0.7067733906166465,1
video774.webm,0.6774059398908838,1
video7744.webm,0.6486112683545764,1
video7747.webm,0.799211913088388,1
video7750.webm,0.768570263572081,1
video7755.webm,0.8159478811087717,1
video7764.webm,0.7786171921392616,1
video7765.webm,0.7260320424939422,1
video7766.webm,0.8136055787841838,1
video7767.webm,0.8244368856637169,1
video7768.webm,0.8314790280924796,1
video7776.webm,0.7946355157213061,1
video7778.webm,0.794523699205786,1
video7779.webm,0.7742937783464738,1
video7781.webm,0.7551408173980818,1
video7790.webm,0.7578676654784469,1
video7791.webm,0.7436525291933189,1
video7794.webm,0.8455209562583317,1
video7796.webm,0.7851991177409374,1
video7797.webm,0.7747072021288578,1
video7798.webm,0.8168926720445653,1
video780.webm,0.8302804350014207,1
video7810.webm,0.7967364716994785,1
video7814.webm,0.7809814247769353,1
video7827.webm,0.8089928285948342,1
video7829.webm,0.7634331231773703,1
video7836.webm,0.8524114079815658,1
video784.webm,0.8539949326335057,1
video7843.webm,0.8078358982345681,1
video7845.webm,0.7773295748216165,1
video7847.webm,0.7589753213320554,1
video7850.webm,0.8286638504283328,1
video7855.webm,0.7989031369212956,1
video7857.webm,0.7911019544999687,1
video7859.webm,0.8156170449771221,1
video7860.webm,0.8279198924942058,1
video7864.webm,0.7065274858796804,1
video7866.webm,0.7784879705703744,1
video7870.webm,0.7856260324981234,1
video7871.webm,0.769382186970913,1
video7876.webm,0.759825069353878,1
video7877.webm,0.7698848728636318,1
video7881.webm,0.7507662053102175,1
video7882.webm,0.7861864709583541,1
video7900.webm,0.7566050075863551,1
video7905.webm,0.78527895548164,1
video7911.webm,0.7667814032609066,1
video7914.webm,0.7866888442663997,1
video7922.webm,0.8166039850448724,1
video7924.webm,0.8875430118038148,1
video7932.webm,0.7646444896417903,1
video7934.webm,0.7960966932941439,1
video7937.webm,0.8401052113225327,1
video7938.webm,0.811169300964631,1
video7943.webm,0.7663285681837342,1
video7949.webm,0.8059261841089946,1
video7950.webm,0.807376325401693,1
video7960.webm,0.7534427508673716,1
video7965.webm,0.7531927456931258,1
video7966.webm,0.7075394506411914,1
video7968.webm,0.8254646971705855,1
video7971.webm,0.8280963018774198,1
video7974.webm,0.829917824503331,1
video7978.webm,0.7940330479930073,1
video7979.webm,0.7860414163187052,1
video7982.webm,0.7804195141081336,1
video7989.webm,0.713864320914094,1
video8003.webm,0.7534942096229251,1
video8005.webm,0.8117271339692049,1
video8006.webm,0.7965882671992925,1
video8007.webm,0.8544138005543932,1
video8011.webm,0.8184379253385524,1
video8017.webm,0.8053222420611247,1
video802.webm,0.787560369234306,1
video8020.webm,0.7753564057329141,1
video8025.webm,0.8179876804629183,1
video8031.webm,0.8367742990063847,1
video8034.webm,0.6644821451762997,1
video8039.webm,0.8197193369171952,1
video804.webm,0.8195125970323875,1
video8046.webm,0.7604593770786385,1
video8053.webm,0.7578431977667992,1
video8055.webm,0.7776044779106139,1
video8070.webm,0.8160983605946455,1
video8083.webm,0.6366540585912444,1
video8093.webm,0.8029140145121181,1
video8094.webm,0.753724363580396,1
video8099.webm,0.8371420541438538,1
video810.webm,0.8396698268063584,1
video8106.webm,0.7941764938865777,1
video8107.webm,0.7836767091828543,1
video8116.webm,0.8015638312883038,1
video8117.webm,0.7477697434709025,1
video8119.webm,0.8041319361743773,1
video8125.webm,0.794234257943077,1
video8129.webm,0.810361116836251,1
video8130.webm,0.8269692113176866,1
video8133.webm,0.8073096965353361,1
video8135.webm,0.7462191169485402,1
video8139.webm,0.7911476013958952,1
video8141.webm,0.7318363437341928,1
video8143.webm,0.7888234204685647,1
video8144.webm,0.8398764046222911,1
video8148.webm,0.7510142063146303,1
video815.webm,0.8245804643163279,1
video8154.webm,0.8711486674280868,1
video8160.webm,0.6903372751506915,1
video8164.webm,0.7922018991868703,1
video8173.webm,0.8278399810597549,1
video8176.webm,0.7894252531620292,1
video8177.webm,0.84538519260091,1
video8183.webm,0.7870109770600767,1
video8203.webm,0.8101486770703321,1
video8204.webm,0.8097123161959716,1
video8212.webm,0.737283201548588,1
video8213.webm,0.8090084539157776,1
video822.webm,0.8132064088069042,1
video8223.webm,0.8625007747718011,1
video8232.webm,0.8128237503728631,1
video8237.webm,0.8101314801186774,1
video8242.webm,0.8115680867284394,1
video8244.webm,0.7678540191766933,1
video8248.webm,0.8411280407694902,1
video8250.webm,0.8057781999884102,1
video8255.webm,0.6850255023882164,1
video8257.webm,0.8030975049526605,1
video8258.webm,0.773780133893365,1
video826.webm,0.7625568369021587,1
video8262.webm,0.7299544972828713,1
video8264.webm,0.8194154063032625,1
video8270.webm,0.7995571255553406,1
video8273.webm,0.7329212957728017,1
video8278.webm,0.8074526162744986,1
video8281.webm,0.8239204365388483,1
video8285.webm,0.773851201873482,1
video8298.webm,0.7648647131054416,1
video8302.webm,0.8461932965636713,1
video8307.webm,0.7922439366009899,1
video8312.webm,0.7786363005434414,1
video8315.webm,0.792470366090027,1
video832.webm,0.7741745741576447,1
video8320.webm,0.786500814350898,1
video8321.webm,0.8196177656072993,1
video8332.webm,0.8469112824760494,1
video8340.webm,0.78676889264539,1
video8342.webm,0.8367380495360303,1
video8343.webm,0.8217142004530174,1
video836.webm,0.8022636422032445,1
video8362.webm,0.7866229174860387,1
video8370.webm,0.7720352082008928,1
video8372.webm,0.7680432627338027,1
video8373.webm,0.7972699177363939,1
video8376.webm,0.6917349685766423,1
video8388.webm,0.7503294604143068,1
video8391.webm,0.7303483708518209,1
video8392.webm,0.8254000088424726,1
video8393.webm,0.7794450678761011,1
video8404.webm,0.7864566104456758,1
video8408.webm,0.7813203523934283,1
video841.webm,0.8107595996777752,1
video8411.webm,0.7688037408429451,1
video8412.webm,0.7785914455812568,1
video8413.webm,0.7489008216475679,1
video8416.webm,0.7593666039993239,1
video8417.webm,0.8152480564420717,1
video8418.webm,0.7748810757401585,1
video8419.webm,0.7768602901970447,1
video8424.webm,0.8446664487865854,1
video8431.webm,0.7857347238824309,1
video8432.webm,0.8191917210959409,1
video8440.webm,0.7777980702725296,1
video8445.webm,0.8241620658344461,1
video845.webm,0.7682890613712486,1
video8450.webm,0.7809241264719713,1
video8457.webm,0.7596374009786012,1
video8460.webm,0.7679760215609623,1
video8462.webm,0.8159935720864666,1
video8463.webm,0.800367872577292,1
video8467.webm,0.6839101754515753,1
video8469.webm,0.7521022481200974,1
video8483.webm,0.7498802344859532,1
video8484.webm,0.7211960499360582,1
video8486.webm,0.7736060213884752,1
video8490.webm,0.7818646458036695,1
video8501.webm,0.7430466116210106,1
video8502.webm,0.781460862963429,1
video8511.webm,0.7839823364177733,1
video8519.webm,0.7612635010047604,1
video8523.webm,0.7522465979517801,1
video8527.webm,0.690249885263598,1
video8528.webm,0.8669936619754884,1
video8533.webm,0.7453221009824926,1
video8534.webm,0.7259514590941027,1
video8536.webm,0.8553171339144587,1
video8537.webm,0.702590006013974,1
video8539.webm,0.7585863194027752,1
video854.webm,0.8086237825882661,1
video8540.webm,0.7964317836596949,1
video8541.webm,0.8019543184243219,1
video8548.webm,0.7914681911924,1
video8555.webm,0.7575505001658831,1
video8559.webm,0.8143422551315356,1
video856.webm,0.8236173497332461,1
video8564.webm,0.8250644563837239,1
video8567.webm,0.85245691511383,1
video8569.webm,0.8332853764943385,1
video8570.webm,0.8080932646835147,1
video8571.webm,0.8289931049048653,1
video8574.webm,0.8068644905628457,1
video8589.webm,0.7478920389365395,1
video8599.webm,0.8071489120795354,1
video8608.webm,0.7717971885526298,1
video8610.webm,0.8658468237580699,1
video8612.webm,0.8084737900997092,1
video8617.webm,0.7788171377871106,1
video8620.webm,0.7713211594366554,1
video8626.webm,0.8214250955802018,1
video8627.webm,0.7982598092367241,1
video863.webm,0.798222364463,1
video8634.webm,0.8183511498570045,1
video8639.webm,0.7655718072018529,1
video8645.webm,0.8223603139841131,1
video8651.webm,0.6723141822700196,1
video8656.webm,0.7485245932922708,1
video8662.webm,0.7926113454641368,1
video8666.webm,0.82308485062528,1
video8675.webm,0.8452398465532958,1
video8681.webm,0.8154249343721038,1
video8682.webm,0.7823491341158838,1
video8686.webm,0.8145414221352435,1
video8688.webm,0.8513840159540379,1
video8690.webm,0.8565642399729608,1
video8697.webm,0.8233024833462655,1
video8699.webm,0.7751509428245332,1
video8703.webm,0.7471809083950718,1
video8706.webm,0.7570888495723492,1
video8707.webm,0.8245432661716691,1
video8712.webm,0.8022867569987786,1
video8715.webm,0.7647891306910249,1
video8716.webm,0.8081763911280855,1
video8721.webm,0.8049826718479245,1
video8728.webm,0.7430185095647577,1
video873.webm,0.7557298436874973,1
video8737.webm,0.7163885994963344,1
video8745.webm,0.80053018812214,1
video8747.webm,0.7954248890539768,1
video875.webm,0.7357611151474872,1
video876.webm,0.7624794571613599,1
video8761.webm,0.820675024512288,1
video8767.webm,0.7638946575136105,1
video8769.webm,0.7811864143604672,1
video8773.webm,0.8067044631905664,1
video8777.webm,0.7754509159320417,1
video8787.webm,0.8314123336686202,1
video8793.webm,0.757401347761284,1
video8798.webm,0.753550341985147,1
video8801.webm,0.7910280806377634,1
video8809.webm,0.8076200656231981,1
video8812.webm,0.8088203262715742,1
video882.webm,0.7570144016076163,1
video8823.webm,0.7665812421617768,1
video8824.webm,0.7952148817296245,1
video8831.webm,0.6577476671763093,1
video8832.webm,0.7993167655134925,1
video8836.webm,0.8088740447396103,1
video8839.webm,0.7237228391127196,1
video8841.webm,0.7995907899950294,1
video8844.webm,0.7338598670641863,1
video8847.webm,0.8172731845765118,1
video8848.webm,0.741563301955738,1
video8850.webm,0.778629689751038,1
video8854.webm,0.7950434384324785,1
video8857.webm,0.7411236562764629,1
video8864.webm,0.8223540472495573,1
video8867.webm,0.7521620781956098,1
video888.webm,0.7573616869380531,1
video8880.webm,0.7949691112769208,1
video8882.webm,0.8561873398598756,1
video8884.webm,0.8059442832060263,1
video8886.webm,0.8033634806935503,1
video8898.webm,0.7679675276286289,1
video8899.webm,0.7370062834869838,1
video890.webm,0.6426180841478593,1
video8901.webm,0.7798969087725556,1
video8908.webm,0.7760047569339201,1
video8917.webm,0.7292599222365803,1
video8919.webm,0.8117530798189576,1
video8921.webm,0.8252013876835268,1
video8922.webm,0.7759862401671056,1
video8925.webm,0.744041757432205,1
video8927.webm,0.7420008148891692,1
video893.webm,0.712619147881878,1
video8936.webm,0.7852898012635987,1
video8939.webm,0.7703232230332455,1
video894.webm,0.768902083953249,1
video8941.webm,0.8030626783452022,1
video8943.webm,0.8357880462917644,1
video8947.webm,0.7735396971558701,1
video8951.webm,0.8365561920897313,1
video8958.webm,0.7958862494376473,1
video8966.webm,0.7693507767044375,1
video897.webm,0.8630002723771345,1
video8971.webm,0.777559651129164,1
video8975.webm,0.7850455525610232,1
video8982.webm,0.8149444899756163,1
video8991.webm,0.7396261790283707,1
video8993.webm,0.7498970613400953,1
video8996.webm,0.7205387936845309,1
video9.webm,0.6023912716921813,1
video9002.webm,0.7692465645126523,1
video9015.webm,0.6365630158990536,1
video9019.webm,0.8005232132108285,1
video9021.webm,0.7704860621654752,1
video9023.webm,0.8623712252530242,1
video9024.webm,0.8070550743672902,1
video9029.webm,0.7804714312866199,1
video903.webm,0.7984607385284189,1
video9030.webm,0.7836231377135199,1
video9036.webm,0.817944029834724,1
video904.webm,0.7727165137418599,1
video9040.webm,0.8267285308930401,1
video9043.webm,0.7490783254603441,1
video9046.webm,0.7442602849715004,1
video9049.webm,0.8101373748788632,1
video9051.webm,0.7618826309981532,1
video9054.webm,0.7740775375553464,1
video9062.webm,0.7940530137437527,1
video9077.webm,0.7944000837783718,1
video9080.webm,0.8052661485622516,1
video9081.webm,0.7768886846883394,1
video9085.webm,0.7905674353439625,1
video9087.webm,0.7963704522994777,1
video9099.webm,0.7147868273086504,1
video91.webm,0.7314029825169411,1
video910.webm,0.7244457809082179,1
video9104.webm,0.8068055247219535,1
video911.webm,0.7844380956980335,1
video9111.webm,0.7846666217618543,1
video9122.webm,0.831821176674096,1
video9124.webm,0.8406600048260325,1
video9126.webm,0.716954164472859,1
video9129.webm,0.8299616028339601,1
video913.webm,0.8114358112427353,1
video9136.webm,0.8043538377661161,1
video9144.webm,0.8306020487109994,1
video9146.webm,0.7282540640135202,1
video9148.webm,0.7956416512826814,1
video9149.webm,0.7710513334724317,1
video9154.webm,0.7129445415748877,1
video9156.webm,0.7330804300312068,1
video9161.webm,0.8151766113911922,1
video9164.webm,0.7917013349523916,1
video9173.webm,0.7728750625674168,1
video9178.webm,0.7330619055147662,1
video9182.webm,0.7564532015344507,1
video9189.webm,0.8321204815412554,1
video9195.webm,0.7961206260335378,1
video9196.webm,0.7438219430050506,1
video9199.webm,0.7835150095621273,1
video9200.webm,0.7494712089433796,1
video9201.webm,0.7735282816083792,1
video9233.webm,0.8402205015793954,1
video9237.webm,0.7577593800510611,1
video9238.webm,0.8439497554493539,1
video9244.webm,0.7965688270318436,1
video9264.webm,0.8392975026566767,1
video9265.webm,0.7964659323544951,1
video9267.webm,0.7929187034472799,1
video9272.webm,0.743649577614452,1
video9274.webm,0.8401762504480605,1
video9279.webm,0.7571454819947251,1
video9281.webm,0.7703736995584087,1
video9285.webm,0.7412977359145541,1
video9286.webm,0.7424908217869955,1
video9287.webm,0.7958594015401139,1
video9306.webm,0.8056868282049561,1
video9308.webm,0.7153674740810119,1
video9314.webm,0.8184088379736943,1
video9320.webm,0.7383588337091542,1
video9325.webm,0.7787119063249139,1
video9326.webm,0.7744678141076076,1
video9332.webm,0.7713554003213847,1
video9336.webm,0.8416572560925711,1
video9338.webm,0.8361990190916577,1
video9340.webm,0.8235835294114768,1
video9346.webm,0.8421775318690893,1
video935.webm,0.7454080053769776,1
video9351.webm,0.7650607698527594,1
video9352.webm,0.8233645180230704,1
video9355.webm,0.8158147120938982,1
video9363.webm,0.8545476010341838,1
video9364.webm,0.7581557653201723,1
video9378.webm,0.753256660716486,1
video9383.webm,0.7963239831216276,1
video9384.webm,0.7577873036027036,1
video940.webm,0.7897011398727837,1
video9401.webm,0.7853093768395214,1
video9410.webm,0.7639874332296231,1
video9411.webm,0.7229004981340519,1
video9413.webm,0.7498278279817294,1
video9418.webm,0.6090542194283964,1
video9429.webm,0.7572692501405536,1
video9436.webm,0.7603185435074924,1
video944.webm,0.7913750548958558,1
video9442.webm,0.7935447888479631,1
video9444.webm,0.7660390011901937,1
video9447.webm,0.7185368489226462,1
video945.webm,0.7587650302944922,1
video9458.webm,0.8456970436083879,1
video9459.webm,0.8204250058854093,1
video946.webm,0.7830409879024338,1
video9467.webm,0.8221178701882308,1
video9471.webm,0.8024161297831375,1
video9482.webm,0.7972988805285376,1
video9489.webm,0.808471011234912,1
video9491.webm,0.8238716429787931,1
video9494.webm,0.7368272403575555,1
video9498.webm,0.7625746560489282,1
video950.webm,0.7534119575103344,1
video9514.webm,0.7781855935607003,1
video9520.webm,0.8341093928282113,1
video9539.webm,0.7877225962127422,1
video9540.webm,0.7669627873927369,1
video955.webm,0.7480954002072067,1
video9563.webm,0.8058055825875967,1
video9569.webm,0.7937572964699108,1
video9570.webm,0.7674638066934838,1
video9578.webm,0.849159334154553,1
video9579.webm,0.7367210812893932,1
video9580.webm,0.790434832166399,1
video9581.webm,0.782241104230041,1
video9594.webm,0.7678412461850526,1
video9597.webm,0.8498947694167345,1
video9603.webm,0.7560264648699528,1
video9616.webm,0.7158871712916962,1
video9617.webm,0.7822210948639305,1
video9622.webm,0.7321111890204672,1
video9626.webm,0.7508728079410285,1
video9629.webm,0.7694119571286104,1
video9644.webm,0.818593141906941,1
video9664.webm,0.7657388464439493,1
video9666.webm,0.8251333043368176,1
video9669.webm,0.7511833208953358,1
video9678.webm,0.7239811978669812,1
video968.webm,0.7857044554354944,1
video9682.webm,0.7864043713095692,1
video9696.webm,0.8311249649846708,1
video9697.webm,0.8254743324562419,1
video97.webm,0.8105278115174711,1
video9700.webm,0.7828891050668185,1
video971.webm,0.789818186124877,1
video9713.webm,0.7855061405674495,1
video9721.webm,0.7402530357409163,1
video9722.webm,0.7693005690382972,1
video9724.webm,0.7655390324988323,1
video9726.webm,0.8234847443563522,1
video9727.webm,0.8101572474867949,1
video9728.webm,0.820937517509689,1
video973.webm,0.7936566126619811,1
video9734.webm,0.7105962811845632,1
video9735.webm,0.8078735266108243,1
video9750.webm,0.7805283191896963,1
video9759.webm,0.7976962852977278,1
video9761.webm,0.7859506562126356,1
video9763.webm,0.6821221764377889,1
video977.webm,0.7755638206023046,1
video9770.webm,0.7420218969354873,1
video9774.webm,0.7907927756997477,1
video9775.webm,0.7795405427618837,1
video9777.webm,0.8206026583113175,1
video978.webm,0.8313142872619397,1
video9784.webm,0.7744090861771564,1
video979.webm,0.818064855962342,1
video9791.webm,0.7923139284426763,1
video9794.webm,0.7490035677448439,1
video9798.webm,0.7420693052177156,1
video98.webm,0.808031605054147,1
video9800.webm,0.7680617283102571,1
video9804.webm,0.7156659762222191,1
video9811.webm,0.7763873581336256,1
video9814.webm,0.850684918582879,1
video9817.webm,0.718867157520624,1
video9818.webm,0.7489796395027903,1
video9830.webm,0.7366597348568911,1
video9836.webm,0.7529452939091015,1
video9837.webm,0.8173804873709707,1
video9841.webm,0.8202880901430907,1
video9863.webm,0.8021453924018107,1
video9865.webm,0.77317239730941,1
video9866.webm,0.8371342300848779,1
video9867.webm,0.7963049497555466,1
video9868.webm,0.8166511000213658,1
video9869.webm,0.671283616575197,1
video987.webm,0.7907476950288106,1
video9880.webm,0.7761033998975728,1
video9882.webm,0.8071190186587535,1
video9886.webm,0.8382045135778994,1
video9887.webm,0.7709526389679489,1
video989.webm,0.8027586036115331,1
video9899.webm,0.8164117223043332,1
video99.webm,0.7601675291345837,1
video9902.webm,0.7913813967679377,1
video9910.webm,0.7758470623325764,1
video9911.webm,0.781492424691817,1
video9912.webm,0.8132439959651676,1
video9916.webm,0.7907876226887577,1
video9919.webm,0.7828851373085,1
video9921.webm,0.853303160374202,1
video9922.webm,0.8522137701081262,1
video9924.webm,0.820848250035258,1
video9933.webm,0.7548071690216707,1
video9934.webm,0.7826503018543347,1
video9937.webm,0.7966151115322344,1
video9941.webm,0.8034991568092313,1
video9947.webm,0.7744292680209669,1
video9953.webm,0.7829773326471846,1
video9955.webm,0.838282565967659,1
video996.webm,0.7808624549325123,1
video9962.webm,0.7482439628998816,1
video9973.webm,0.8627049618254857,1
video9978.webm,0.7817373826918096,1
video9979.webm,0.7546142218259074,1
