video1.webm,0.7497941795033786,1
video1000.webm,0.7819228989827511,1
video1002.webm,0.7950470901365554,1
video1008.webm,0.7883560505094181,1
video1010.webm,0.7762741273482042,1
video1011.webm,0.7922977226884804,1
video1013.webm,0.7897768808700016,1
video1016.webm,0.770927440337196,1
video1018.webm,0.7816966180602711,1
video1026.webm,0.766256516133571,1
video1029.webm,0.8209481930654547,1
video103.webm,0.7687378504409964,1
video1034.webm,0.7801637900529799,1
video1037.webm,0.7990178123629104,1
video1058.webm,0.7997206167526665,1
video1059.webm,0.7577518555270855,1
video1062.webm,0.7839973470715196,1
video1068.webm,0.7857241616576127,1
video1072.webm,0.770950620161289,1
video1082.webm,0.7901905955709039,1
video1087.webm,0.7742134963386506,1
video109.webm,0.7940087349537104,1
video1092.webm,0.7791397635253403,1
video1094.webm,0.8123764389095904,1
video1096.webm,0.8016013993017784,1
video1098.webm,0.7809752487159662,1
video11.webm,0.7870013404863854,1
video1101.webm,0.8134389512899834,1
video1108.webm,0.772574465179137,1
video111.webm,0.7960169224576517,1
video1113.webm,0.7642876970405686,1
video1120.webm,0.7529374405113608,1
video1123.webm,0.791756641997619,1
video1126.webm,0.7732134334965463,1
video1130.webm,0.7619357203206811,1
video1138.webm,0.8074705870079677,1
video1140.webm,0.7975690427472696,1
video1141.webm,0.7496751846372303,1
video1142.webm,0.7697685837835371,1
video1151.webm,0.7817232600303536,1
video1155.webm,0.7813586958892085,1
video1157.webm,0.8097286106207275,1
video1158.webm,0.7930478667700028,1
video116.webm,0.7776868469773706,1
video1169.webm,0.7784794583173067,1
video117.webm,0.7807088771365289,1
video1172.webm,0.7704261370105513,1
video1179.webm,0.7705955619658302,1
video118.webm,0.7947533320806094,1
video1180.webm,0.7786894829891201,1
video1187.webm,0.753928777709149,1
video1206.webm,0.7747426416527108,1
video1209.webm,0.7577877233508431,1
video1218.webm,0.8027134258460523,1
video1226.webm,0.7636975526426227,1
video1227.webm,0.7816950374705062,1
video1232.webm,0.7883601540492104,1
video1237.webm,0.7970502605481414,1
video1240.webm,0.7543019354122448,1
video1248.webm,0.7525724204363464,1
video1252.webm,0.7711506661177815,1
video1262.webm,0.8020331103619254,1
video1268.webm,0.8116406317343106,1
video1269.webm,0.7663012114508938,1
video127.webm,0.7602793931165965,1
video1271.webm,0.789326680536007,1
video1276.webm,0.8215069111560999,1
video1279.webm,0.7597985790491532,1
video1287.webm,0.8090422646690557,1
video1292.webm,0.7680903310245003,1
video1302.webm,0.787324436875396,1
video1303.webm,0.7521317149026856,1
video1304.webm,0.7630515306045254,1
video1306.webm,0.7597320950941417,1
video1308.webm,0.7808842445854853,1
video1313.webm,0.7911731358980313,1
video1314.webm,0.8207887592522025,1
video1316.webm,0.7426088661487332,1
video1318.webm,0.742214044992619,1
video1320.webm,0.7614402364243386,1
video1323.webm,0.7866183910311719,1
video1326.webm,0.7499023873600051,1
video1327.webm,0.7885175994210378,1
video1331.webm,0.7486976075258253,1
video1334.webm,0.7711551872409399,1
video1339.webm,0.7749659370081854,1
video134.webm,0.7560525504919827,1
video1344.webm,0.6998157802528961,1
video1349.webm,0.7699693322442988,1
video135.webm,0.7381764034477013,1
video1350.webm,0.7986217863489198,1
video1360.webm,0.7735822879984695,1
video1361.webm,0.7738427944588742,1
video1362.webm,0.7803070026040544,1
video1370.webm,0.7990236709124671,1
video1372.webm,0.8049209122733877,1
video1374.webm,0.8006433700028898,1
video1376.webm,0.802790549751694,1
video1379.webm,0.7955001430938371,1
video1381.webm,0.7280587023973704,1
video1384.webm,0.7955957657098198,1
video139.webm,0.7460044186886923,1
video1390.webm,0.8099679322833998,1
video1391.webm,0.8013859693831912,1
video1396.webm,0.7597764822946266,1
video14.webm,0.7758138464843393,1
video1400.webm,0.7265671286892503,1
video1418.webm,0.7984366112960839,1
video1424.webm,0.7838291817767634,1
video1425.webm,0.7956201780579626,1
video144.webm,0.7643717653024146,1
video1442.webm,0.7709079540239597,1
video1448.webm,0.7734015173491111,1
video1450.webm,0.7822282253742666,1
video1468.webm,0.7948123401901017,1
video1469.webm,0.7696795231803217,1
video147.webm,0.8045535044470533,1
video1475.webm,0.7998391090024961,1
video148.webm,0.7540959257181358,1
video1495.webm,0.7721047113784584,1
video15.webm,0.7702639912991531,1
video1500.webm,0.7843223087271115,1
video1501.webm,0.8128133258527586,1
video1512.webm,0.800632437025709,1
video152.webm,0.7989596496090345,1
video1520.webm,0.7635076266476487,1
video1521.webm,0.7861821278815824,1
video1523.webm,0.8072478992978609,1
video1532.webm,0.7838956167979289,1
video1545.webm,0.7461774047886985,1
video1552.webm,0.8009839753356176,1
video1557.webm,0.7041443196388073,1
video1566.webm,0.7358571111343437,1
video1567.webm,0.7829010217880191,1
video1568.webm,0.8044489874978531,1
video1577.webm,0.7623608097499622,1
video1578.webm,0.765387977130292,1
video1579.webm,0.7700520916687768,1
video1582.webm,0.8223173423341651,1
video1585.webm,0.8070158251934814,1
video1587.webm,0.7728782694032839,1
video1588.webm,0.7396495939279093,1
video1589.webm,0.7788908700899385,1
video1616.webm,0.7522192732058459,1
video1617.webm,0.7486465631052968,1
video1620.webm,0.817442045683118,1
video1621.webm,0.7269830724531469,1
video1622.webm,0.7823457540726662,1
video1623.webm,0.7916080652429052,1
video1624.webm,0.7648811550326567,1
video1626.webm,0.7708333198776723,1
video1635.webm,0.7279906747858594,1
video1641.webm,0.7710608691377421,1
video1650.webm,0.7841603281655033,1
video1651.webm,0.7743603551477122,1
video1653.webm,0.7735133907802489,1
video1659.webm,0.785812903021309,1
video1666.webm,0.7485195098001153,1
video1668.webm,0.8125686433007588,1
video1671.webm,0.7944692500333355,1
video169.webm,0.7448173134619693,1
video1692.webm,0.7997974302810653,1
video1706.webm,0.7815581644131688,1
video1710.webm,0.7634682592091891,1
video1712.webm,0.8060369237749456,1
video1713.webm,0.7127316307875782,1
video1720.webm,0.7726624951945444,1
video1723.webm,0.792269177782,1
video1726.webm,0.7774242211535352,1
video1728.webm,0.791239783232205,1
video174.webm,0.7875090298617864,1
video1752.webm,0.7703448979992835,1
video1754.webm,0.781967864498122,1
video1773.webm,0.8078390069392105,1
video1775.webm,0.7715942608329063,1
video1776.webm,0.7764404448325068,1
video1783.webm,0.7734146734349177,1
video1787.webm,0.7999089140222544,1
video1788.webm,0.6985047981410897,1
video1791.webm,0.7548886019771996,1
video1792.webm,0.7484707910495082,1
video1796.webm,0.7947894849182776,1
video1798.webm,0.7787100840038925,1
video1808.webm,0.7720403244724136,1
video181.webm,0.8079347739590224,1
video1816.webm,0.7858447179158803,1
video1820.webm,0.7997062156011367,1
video1831.webm,0.811492656768114,1
video1836.webm,0.7954062766838625,1
video1840.webm,0.7760056114374476,1
video1842.webm,0.7462125100906473,1
video1845.webm,0.7561933981556855,1
video1853.webm,0.7807514051290821,1
video1856.webm,0.7458956261107812,1
video1870.webm,0.7552689094169152,1
video1875.webm,0.7966826390089128,1
video1876.webm,0.7759296661462941,1
video1890.webm,0.7719509611650893,1
video1892.webm,0.7629927983839265,1
video1902.webm,0.7434781344327491,1
video1910.webm,0.7623113982655072,1
video1917.webm,0.675621417182737,1
video1925.webm,0.7679560499297017,1
video1927.webm,0.7919119050416498,1
video1930.webm,0.7498065719985434,1
video1932.webm,0.766396150023904,1
video1935.webm,0.7987785925834656,1
video194.webm,0.762842416954824,1
video1945.webm,0.7637804907494791,1
video1949.webm,0.7988772323686428,1
video1959.webm,0.8123663926192819,1
video197.webm,0.7256515542912846,1
video1970.webm,0.7692150646301883,1
video1972.webm,0.7576966956067286,1
video1978.webm,0.7864619773915414,1
video1987.webm,0.7955628671771617,1
video1992.webm,0.7710512588924178,1
video1994.webm,0.7838951602250065,1
video2.webm,0.7468950845347584,1
video2000.webm,0.7924099494281045,1
video2006.webm,0.7353284146390817,1
video2007.webm,0.6841357484555928,1
video2010.webm,0.7799708702415656,1
video2015.webm,0.7496805746977896,1
video2017.webm,0.7805791257570276,1
video202.webm,0.7790844978130078,1
video2021.webm,0.7387051699920095,1
video2023.webm,0.7756616436668171,1
video2039.webm,0.7885475255835783,1
video204.webm,0.7358515137498679,1
video2040.webm,0.7974150323056135,1
video2043.webm,0.7795426876310969,1
video2047.webm,0.7182761825596504,1
video2048.webm,0.7021396951428601,1
video2053.webm,0.7587520226040619,1
video2056.webm,0.780446253113124,1
video2057.webm,0.7142713531532874,1
video2067.webm,0.7690826473421148,1
video2080.webm,0.7815969607851896,1
video2081.webm,0.781030641660146,1
video2083.webm,0.7504549252271187,1
video2084.webm,0.8277616010658697,1
video2085.webm,0.7528774558679991,1
video2090.webm,0.7749424425205896,1
video2092.webm,0.7938707487225872,1
video2094.webm,0.7883759552898881,1
video2096.webm,0.8031084913537195,1
video2099.webm,0.7724801045814405,1
video2102.webm,0.7671684167701115,1
video2109.webm,0.8014931608394126,1
video2110.webm,0.8194601270637307,1
video2113.webm,0.7022682624946237,1
video2123.webm,0.7654209251007389,1
video213.webm,0.768808143615512,1
video2134.webm,0.7649742806486058,1
video2139.webm,0.7945308433638505,1
video2142.webm,0.77034208546832,1
video2154.webm,0.7129660499408176,1
video2158.webm,0.7960213127621125,1
video2160.webm,0.7907370686930911,1
video2161.webm,0.7897522944453549,1
video2164.webm,0.7632235283712206,1
video2167.webm,0.7685465344277962,1
video2170.webm,0.8066709630609792,1
video2174.webm,0.7586693847952316,1
video219.webm,0.7543483092263541,1
video2194.webm,0.7623175011856458,1
video2195.webm,0.7631361080982302,1
video2196.webm,0.7658442353267358,1
video2198.webm,0.7751404942412522,1
video2204.webm,0.7602876779181678,1
video2216.webm,0.8159895283809642,1
video2219.webm,0.7724984871543977,1
video2225.webm,0.8003029824048418,1
video2229.webm,0.7371289632722251,1
video2230.webm,0.7863203438219815,1
video2231.webm,0.809395839277264,1
video2241.webm,0.8308474958189656,1
video2243.webm,0.7901934629121881,1
video2247.webm,0.7798961807289221,1
video226.webm,0.7656589399904158,1
video2265.webm,0.7794622991557263,1
video2269.webm,0.7774480577338267,1
video2271.webm,0.803499784017939,1
video2277.webm,0.7792078082562619,1
video2279.webm,0.7528353330120585,1
video2281.webm,0.8049304920220143,1
video2287.webm,0.7688066523192216,1
video2288.webm,0.7687875058382594,1
video229.webm,0.8092937769778789,1
video2294.webm,0.8041240451264466,1
video2299.webm,0.7582006305527854,1
video230.webm,0.7889162289171271,1
video2305.webm,0.7820267492181495,1
video2307.webm,0.7755933427521007,1
video2313.webm,0.7826813226380592,1
video232.webm,0.8172480799926507,1
video2320.webm,0.7757224713386274,1
video2331.webm,0.7848854960316345,1
video2333.webm,0.8177262019522811,1
video2338.webm,0.7835897636225311,1
video2346.webm,0.7903669031965681,1
video235.webm,0.7518889388635879,1
video2350.webm,0.8067278098206432,1
video2366.webm,0.7779056413581638,1
video2368.webm,0.8070076082115905,1
video2371.webm,0.767424028139379,1
video2378.webm,0.8039867139718686,1
video2384.webm,0.7983953508862622,1
video2390.webm,0.77687783815347,1
video2392.webm,0.7903576478439751,1
video24.webm,0.7046188624244468,1
video2401.webm,0.7816158996467857,1
video2407.webm,0.7599945229897559,1
video2409.webm,0.7727418971005025,1
video2415.webm,0.7882504129663455,1
video2416.webm,0.778012002996954,1
video2417.webm,0.7477221193370623,1
video242.webm,0.7796343313978749,1
video2427.webm,0.7921730091427296,1
video2428.webm,0.7845127812969894,1
video2439.webm,0.7448566202571062,1
video2442.webm,0.7946559623974019,1
video2451.webm,0.783506064335528,1
video2452.webm,0.8001146568153994,1
video246.webm,0.7668743228649945,1
video2462.webm,0.8018905080280905,1
video2465.webm,0.7923308608188622,1
video2468.webm,0.8040941947453777,1
video2481.webm,0.7808165408659025,1
video2487.webm,0.7566475224848269,1
video2493.webm,0.786652283023237,1
video2503.webm,0.7935115939636089,1
video2504.webm,0.7900166723558154,1
video2506.webm,0.7566783627319138,1
video2510.webm,0.7644150872440817,1
video2511.webm,0.7783725702407059,1
video2518.webm,0.8154194415964175,1
video252.webm,0.7566889840580948,1
video2521.webm,0.7580479226780137,1
video2522.webm,0.7702650763932601,1
video2526.webm,0.7644843633874141,1
video2534.webm,0.7805704262116355,1
video2537.webm,0.7640982127081006,1
video2544.webm,0.8236574050361187,1
video2560.webm,0.7422787740212925,1
video2563.webm,0.8010478908986383,1
video2565.webm,0.7992081770748851,1
video2572.webm,0.7899699990688348,1
video2577.webm,0.7449419733297138,1
video2578.webm,0.7851510021315954,1
video2579.webm,0.7583645360125054,1
video2590.webm,0.7472888176216115,1
video2595.webm,0.7785946372097114,1
video2606.webm,0.7995238766715138,1
video2611.webm,0.7596443892561824,1
video2612.webm,0.732078176723761,1
video2617.webm,0.7848982644326943,1
video262.webm,0.7325922450413888,1
video2624.webm,0.7685344940931963,1
video2626.webm,0.8014432138153643,1
video263.webm,0.7988210315703385,1
video2631.webm,0.7832785581670632,1
video2633.webm,0.8210725246734524,1
video264.webm,0.7935913479251138,1
video2644.webm,0.8087949028169036,1
video2648.webm,0.7804042902437149,1
video2657.webm,0.7630470594015173,1
video266.webm,0.7940764924998323,1
video2661.webm,0.7821800289997773,1
video2662.webm,0.7983517721101159,1
video2675.webm,0.7477310203450112,1
video2676.webm,0.8129332226924539,1
video2679.webm,0.798473942798283,1
video268.webm,0.7965737051495884,1
video2683.webm,0.8035292356231225,1
video2692.webm,0.7756783673722656,1
video2697.webm,0.7920749523597256,1
video2698.webm,0.7900659125059046,1
video2699.webm,0.7857986679418211,1
video270.webm,0.7682178127432526,1
video2716.webm,0.7887323267034398,1
video2720.webm,0.8080035854558935,1
video2721.webm,0.7822117562426715,1
video2723.webm,0.7899392891843973,1
video2725.webm,0.785721390362851,1
video2730.webm,0.7639967576112559,1
video2735.webm,0.7881639414278282,1
video2746.webm,0.7714685589177738,1
video2751.webm,0.7825715629498948,1
video2752.webm,0.7140465068951483,1
video2753.webm,0.7957554014675035,1
video2754.webm,0.7980611758163021,1
video2766.webm,0.7876022684527544,1
video2768.webm,0.7711567524468922,1
video2776.webm,0.7916216699831609,1
video2778.webm,0.7898332760670574,1
video2783.webm,0.7507153286054283,1
video2790.webm,0.8035159551558317,1
video2795.webm,0.7667555840175829,1
video2806.webm,0.7861766777309876,1
video2810.webm,0.7664868098377633,1
video2814.webm,0.8123117358166988,1
video2815.webm,0.7235571629209943,1
video2818.webm,0.7650728828966249,1
video2820.webm,0.8035217828524128,1
video2822.webm,0.8087990506979669,1
video2824.webm,0.7916226871853183,1
video2837.webm,0.8095765636029801,1
video2842.webm,0.7887016748205107,1
video2847.webm,0.7740444466299001,1
video285.webm,0.7950985452354897,1
video2851.webm,0.7943687636823921,1
video2852.webm,0.7951475881336312,1
video2854.webm,0.7704048571178043,1
video2856.webm,0.7884650445158284,1
video2858.webm,0.7088813359637245,1
video286.webm,0.7277857485005207,1
video2864.webm,0.7969167839477593,1
video2870.webm,0.7908749972864773,1
video2872.webm,0.7956536679051907,1
video2873.webm,0.777175525396995,1
video2877.webm,0.7982416418016619,1
video2885.webm,0.7697049180482076,1
video289.webm,0.7905512769414017,1
video2890.webm,0.8271410510008896,1
video2905.webm,0.824934181239123,1
video2912.webm,0.7739557834300297,1
video2918.webm,0.8076448736699895,1
video2926.webm,0.7915383760969557,1
video2940.webm,0.7584192065384115,1
video2950.webm,0.7479942843011628,1
video2957.webm,0.739700837231711,1
video2966.webm,0.8046293887088578,1
video2969.webm,0.7704986652162406,1
video2975.webm,0.7626331766854737,1
video2976.webm,0.7813542288884489,1
video2980.webm,0.7913914851630525,1
video2989.webm,0.8117797777710603,1
video2993.webm,0.7852232729574256,1
video2995.webm,0.7224975436637784,1
video3008.webm,0.7944373898621175,1
video3011.webm,0.802093173088548,1
video3013.webm,0.761299939381401,1
video3016.webm,0.7976451319458376,1
video3017.webm,0.7389468809178397,1
video3027.webm,0.7845584044213768,1
video3033.webm,0.7774229824639967,1
video3034.webm,0.7953549036397236,1
video3038.webm,0.7878928184618251,1
video3045.webm,0.7789364581926002,1
video3052.webm,0.7596078362365755,1
video3064.webm,0.8157221013905236,1
video307.webm,0.78389155868863,1
video3070.webm,0.8059257001108505,1
video3071.webm,0.72709306968959,1
video3075.webm,0.7998907550108743,1
video3081.webm,0.7762704882902002,1
video3083.webm,0.7529130683960983,1
video3085.webm,0.7936520428043887,1
video3088.webm,0.7952443140556198,1
video309.webm,0.7872519395351518,1
video3108.webm,0.8371458681889552,1
video3110.webm,0.8048056383103552,1
video3115.webm,0.7671004753637551,1
video312.webm,0.7683973669729933,1
video314.webm,0.785913285902349,1
video3140.webm,0.7635021813796731,1
video3141.webm,0.8036263746453074,1
video3143.webm,0.7640200193336389,1
video3148.webm,0.80732998818843,1
video3156.webm,0.8029298056911616,1
video3157.webm,0.7802741681894407,1
video3164.webm,0.7400430047780592,1
video3166.webm,0.8089956981338063,1
video3170.webm,0.8001564727949612,1
video3174.webm,0.8067978812140021,1
video3198.webm,0.7477421806656365,1
video320.webm,0.7290027963932674,1
video3203.webm,0.756482939978853,1
video3209.webm,0.7756191172722531,1
video3210.webm,0.8049291852712874,1
video3219.webm,0.7789806111740507,1
video3222.webm,0.7858584118319003,1
video3226.webm,0.8020591636353336,1
video3228.webm,0.745302738959643,1
video3229.webm,0.8155372726814432,1
video3233.webm,0.7617131926767151,1
video3234.webm,0.757993267090899,1
video3240.webm,0.8088486124086076,1
video3241.webm,0.7851099976512657,1
video3253.webm,0.7560039869488115,1
video3257.webm,0.7631080973011486,1
video3260.webm,0.8167836170855225,1
video3267.webm,0.8051848177269729,1
video3272.webm,0.7685067620010556,1
video3274.webm,0.7897928131153045,1
video3279.webm,0.7895699460261062,1
video328.webm,0.8028600423357579,1
video3289.webm,0.7915281154327547,1
video3290.webm,0.7917190583858196,1
video3293.webm,0.8205226161827399,1
video3295.webm,0.7859099123752515,1
video3296.webm,0.7816428935921574,1
video3298.webm,0.7918052275170013,1
video3300.webm,0.8004825766352162,1
video3302.webm,0.7667985318243373,1
video3303.webm,0.79448026968788,1
video3306.webm,0.801067425470012,1
video3310.webm,0.7751193055876734,1
video3312.webm,0.7661239841180881,1
video3320.webm,0.7672524854937119,1
video3326.webm,0.8411297338255148,1
video3332.webm,0.7704905901127664,1
video3336.webm,0.7933332665161107,1
video3337.webm,0.8063548610110669,1
video3342.webm,0.7956520412115048,1
video3345.webm,0.7561775822917564,1
video3347.webm,0.8109366950625928,1
video3349.webm,0.8038548098441146,1
video3350.webm,0.7853608290314762,1
video3355.webm,0.7935898507582858,1
video3356.webm,0.7719729183502679,1
video3360.webm,0.7888198215939102,1
video3364.webm,0.770831084808443,1
video3366.webm,0.7651964528193902,1
video3369.webm,0.8236687860293991,1
video337.webm,0.7861324913997914,1
video3372.webm,0.7691826356125318,1
video3374.webm,0.8043084837115142,1
video3378.webm,0.785964087069497,1
video3381.webm,0.7775859070511387,1
video3383.webm,0.76075756149966,1
video3385.webm,0.8065842818809934,1
video3413.webm,0.7817100791625031,1
video3419.webm,0.7645641530985768,1
video3422.webm,0.7970835859396864,1
video3424.webm,0.7541413044594314,1
video3429.webm,0.7979478502973025,1
video343.webm,0.7856242390571282,1
video3432.webm,0.7785886081312012,1
video3437.webm,0.756636997026606,1
video3438.webm,0.7600277516529808,1
video3443.webm,0.7153405185943889,1
video3445.webm,0.801651761834835,1
video3446.webm,0.7664650916832246,1
video3458.webm,0.7772874105479022,1
video3461.webm,0.8042568842964799,1
video3464.webm,0.7878163503844992,1
video3467.webm,0.7710658510786619,1
video3469.webm,0.7809132526570611,1
video3473.webm,0.7591494896790886,1
video3475.webm,0.8173555538992137,1
video3483.webm,0.7861262890679893,1
video3484.webm,0.8033962892646751,1
video3485.webm,0.776148678318386,1
video3486.webm,0.7514785875579166,1
video3494.webm,0.7785073944795055,1
video350.webm,0.8094318763009982,1
video3502.webm,0.7828563884172659,1
video3514.webm,0.7674374474783892,1
video3520.webm,0.8093195270210245,1
video3521.webm,0.760070275242376,1
video3522.webm,0.7147883801118402,1
video3531.webm,0.7062342273629101,1
video3541.webm,0.7835730948843479,1
video3542.webm,0.7860530306509421,1
video3544.webm,0.6937782644329273,1
video3548.webm,0.8003527735012342,1
video3549.webm,0.8018877609941809,1
video3550.webm,0.7417108365607317,1
video3552.webm,0.7717225494745216,1
video3559.webm,0.7581666747916374,1
video3562.webm,0.7658984151791877,1
video3565.webm,0.8031781487543618,1
video3566.webm,0.767606567985354,1
video3568.webm,0.7361235145880628,1
video3573.webm,0.7851355423469842,1
video3581.webm,0.7960205587043495,1
video3586.webm,0.7372338454089704,1
video3587.webm,0.7950832882974963,1
video3589.webm,0.7737992033163686,1
video3594.webm,0.7661614982511321,1
video360.webm,0.7930244357104685,1
video3600.webm,0.7681617359292976,1
video3609.webm,0.7632523094744104,1
video3615.webm,0.79435735261736,1
video3621.webm,0.8146477685314588,1
video3623.webm,0.7685122499350329,1
video3625.webm,0.791023147456981,1
video363.webm,0.8043098090981127,1
video3630.webm,0.7620812807683692,1
video3633.webm,0.7400060309767855,1
video3638.webm,0.7682616224821623,1
video3640.webm,0.8208582457588309,1
video3644.webm,0.7868072103523338,1
video3645.webm,0.7500173636286818,1
video3646.webm,0.7596369217082526,1
video3648.webm,0.7686881888998067,1
video3651.webm,0.7802109069483537,1
video3658.webm,0.8152418399832289,1
video3660.webm,0.7496796740808862,1
video3661.webm,0.7919435129590979,1
video3670.webm,0.7529982250409434,1
video3671.webm,0.7794983561463361,1
video3674.webm,0.7629694144635011,1
video3678.webm,0.7836853502962812,1
video3681.webm,0.760208778227212,1
video3684.webm,0.7539117034161338,1
video3687.webm,0.7820992150655416,1
video3689.webm,0.7946217155391935,1
video3695.webm,0.8050534494957376,1
video3703.webm,0.7458995732971627,1
video3706.webm,0.7992547987287264,1
video3708.webm,0.7588190158060858,1
video3709.webm,0.8052995644268226,1
video3716.webm,0.8041131065106012,1
video3722.webm,0.7380824722948987,1
video3725.webm,0.7828625663466017,1
video3729.webm,0.7622081267871478,1
video374.webm,0.8235230825481313,1
video3743.webm,0.7550342849915989,1
video3744.webm,0.7700886569632137,1
video3753.webm,0.8179584000474401,1
video376.webm,0.7771149689673182,1
video3774.webm,0.7734245564967388,1
video3775.webm,0.7973028890040844,1
video3781.webm,0.7550515717687507,1
video3782.webm,0.7659703747463076,1
video3796.webm,0.7492613804536856,1
video380.webm,0.7875422713791521,1
video3805.webm,0.7811603067527588,1
video3806.webm,0.7478841884387132,1
video3808.webm,0.8023412017248666,1
video3823.webm,0.7924862484652576,1
video3826.webm,0.7515164095569049,1
video3827.webm,0.7726748157047698,1
video383.webm,0.7930981164408727,1
video3830.webm,0.7955954558338646,1
video3841.webm,0.7896166844296043,1
video3848.webm,0.7852284435007677,1
video3856.webm,0.7773675208516553,1
video3865.webm,0.7529157355048446,1
video3870.webm,0.7481109123966296,1
video3875.webm,0.7894359371485626,1
video3876.webm,0.7666155971801468,1
video3878.webm,0.8063253975986995,1
video3879.webm,0.82914391287034,1
video388.webm,0.7683379511794042,1
video3883.webm,0.7943440665300927,1
video3888.webm,0.780651936344039,1
video3900.webm,0.777806422013821,1
video3902.webm,0.7935074180911446,1
video3906.webm,0.781425586229185,1
video3911.webm,0.7674126211645231,1
video3915.webm,0.7651193114971739,1
video3916.webm,0.7618340354507425,1
video3920.webm,0.7692516342273816,1
video3921.webm,0.77503082823852,1
video3930.webm,0.7701320331650379,1
video3934.webm,0.8069069577616574,1
video3935.webm,0.7788044275014854,1
video3939.webm,0.79155752470468,1
video3945.webm,0.7890511075765023,1
video3947.webm,0.7990224890025962,1
video3948.webm,0.777401272558846,1
video3950.webm,0.7977974652957486,1
video3951.webm,0.7932765570242918,1
video3954.webm,0.7990567629768687,1
video3958.webm,0.7960507246847455,1
video3959.webm,0.7860270462775645,1
video3963.webm,0.7647734164928869,1
video3966.webm,0.7714867362870896,1
video397.webm,0.768399156167499,1
video3973.webm,0.774838754483569,1
video3978.webm,0.7879128645685394,1
video3987.webm,0.7768433130765541,1
video3990.webm,0.7991593558595851,1
video3992.webm,0.7738893394980288,1
video3996.webm,0.7646075750368705,1
video3998.webm,0.8048564188181212,1
video3999.webm,0.7835370516785657,1
video4001.webm,0.7751759081023692,1
video4002.webm,0.7916594137986781,1
video4013.webm,0.7923210921259343,1
video4019.webm,0.7748087667053569,1
video4021.webm,0.796794097989292,1
video4023.webm,0.8085062353029606,1
video4025.webm,0.7540483625991017,1
video4027.webm,0.7845952214521352,1
video4034.webm,0.7792133835686152,1
video4036.webm,0.7631186178334969,1
video4037.webm,0.7608983077578776,1
video4038.webm,0.7925276805099145,1
video4041.webm,0.7834618760469669,1
video4042.webm,0.8211634110283482,1
video4048.webm,0.7139677646992159,1
video4053.webm,0.8005840350154219,1
video406.webm,0.7958995187507737,1
video4072.webm,0.7330049986911882,1
video4073.webm,0.8070149163374409,1
video4076.webm,0.779101259147882,1
video4084.webm,0.8210418044276293,1
video4090.webm,0.7876008435958487,1
video4093.webm,0.7554022581809101,1
video4096.webm,0.7929686025421168,1
video4102.webm,0.8083166708605968,1
video4105.webm,0.7663835261646343,1
video4112.webm,0.7915636024687157,1
video4114.webm,0.7889713952645665,1
video4115.webm,0.7962167385849639,1
video4126.webm,0.8181401968659864,1
video4127.webm,0.7469279075534938,1
video4132.webm,0.8208696426141366,1
video4133.webm,0.7833023377721055,1
video4134.webm,0.767299424569074,1
video4137.webm,0.7715722078502705,1
video414.webm,0.7761986975116336,1
video4146.webm,0.793307185403997,1
video415.webm,0.7977747495920506,1
video4151.webm,0.7929307633428493,1
video4166.webm,0.7837278792712326,1
video4167.webm,0.8046997620445345,1
video4176.webm,0.752090436435002,1
video4177.webm,0.7598400069372117,1
video4181.webm,0.8052976645328638,1
video4188.webm,0.7781483505722202,1
video4197.webm,0.7804871028218858,1
video4199.webm,0.7565008206015225,1
video42.webm,0.8042362453865988,1
video420.webm,0.7462208724637129,1
video4201.webm,0.7941728511320363,1
video4215.webm,0.7664781668919166,1
video422.webm,0.708892875201987,1
video4221.webm,0.8088642320675526,1
video4222.webm,0.8163641349124049,1
video4225.webm,0.7872433971450933,1
video4232.webm,0.7820006342702097,1
video4234.webm,0.7780563349634402,1
video4244.webm,0.8025720406868442,1
video4248.webm,0.7648937519160779,1
video4253.webm,0.7364912184867872,1
video4259.webm,0.6896925630240027,1
video426.webm,0.7957413611570324,1
video4267.webm,0.7850161760716712,1
video4268.webm,0.7947363372854426,1
video427.webm,0.7534116328821157,1
video4270.webm,0.8086664966434253,1
video4271.webm,0.7901678528406035,1
video4289.webm,0.7845255123034198,1
video429.webm,0.8024093705582576,1
video4290.webm,0.7948052670112331,1
video4300.webm,0.7627589890208449,1
video4301.webm,0.8037340663191855,1
video4304.webm,0.7707433594021578,1
video4311.webm,0.8050491998990894,1
video4313.webm,0.7138314542497514,1
video4317.webm,0.7546052298631107,1
video432.webm,0.7835810054291507,1
video4320.webm,0.7576492276424409,1
video4326.webm,0.7817219139212519,1
video4330.webm,0.7966965143411393,1
video4333.webm,0.7798702216220783,1
video4346.webm,0.7598953760528956,1
video4351.webm,0.7969717008870276,1
video436.webm,0.8082548663766463,1
video4361.webm,0.7978162876051884,1
video4362.webm,0.704442619943023,1
video4364.webm,0.7830488417781932,1
video4366.webm,0.7604604521518206,1
video4367.webm,0.7843038619206275,1
video4372.webm,0.7612063146867443,1
video4377.webm,0.7480455274588259,1
video4383.webm,0.8058259002139128,1
video4384.webm,0.8030076258212856,1
video4395.webm,0.7868244763149155,1
video4398.webm,0.8158049560775934,1
video4401.webm,0.7575319226104319,1
video4414.webm,0.7848004625426965,1
video4415.webm,0.7841509352231171,1
video4417.webm,0.7964849464377354,1
video4421.webm,0.7780191501428133,1
video4426.webm,0.7540033664412461,1
video4436.webm,0.7681617108767699,1
video4437.webm,0.7779566291314954,1
video4438.webm,0.7989964530831712,1
video4445.webm,0.7644296711313907,1
video445.webm,0.759473440870106,1
video4454.webm,0.7151622826371273,1
video4457.webm,0.7550185541770909,1
video4466.webm,0.7986695729008937,1
video4489.webm,0.7691599368935714,1
video4490.webm,0.7725616368452958,1
video450.webm,0.7811752852499474,1
video4502.webm,0.7603974270830238,1
video4509.webm,0.8080761130608696,1
video4514.webm,0.7715763652285323,1
video4517.webm,0.7951898117197516,1
video4521.webm,0.7790125909388113,1
video4532.webm,0.8001771915767842,1
video4535.webm,0.8061537829866458,1
video4541.webm,0.7630692334328344,1
video4551.webm,0.7803593517388938,1
video4555.webm,0.7911385911531872,1
video4556.webm,0.7947395209730583,1
video4560.webm,0.7798246694200195,1
video4561.webm,0.747491708763993,1
video457.webm,0.7604956378539749,1
video4572.webm,0.7295749632824456,1
video4574.webm,0.786546274408953,1
video4579.webm,0.7661376858623782,1
video4584.webm,0.7434006309224002,1
video4586.webm,0.8094367514759663,1
video4588.webm,0.7800630814741765,1
video4589.webm,0.8151327653188231,1
video459.webm,0.7711519019272659,1
video4591.webm,0.7712091424849103,1
video4592.webm,0.8019189202337832,1
video4593.webm,0.788587954431024,1
video4596.webm,0.7590520279894805,1
video4600.webm,0.7740749610799446,1
video4603.webm,0.7995553390742224,1
video4608.webm,0.7368121078759398,1
video4616.webm,0.7941728251671367,1
video4624.webm,0.7632060489217406,1
video4633.webm,0.7839184889499397,1
video4636.webm,0.7815822034744335,1
video4638.webm,0.7524293563483986,1
video4641.webm,0.8000514394833604,1
video4650.webm,0.7859482916992605,1
video4656.webm,0.8049468624321866,1
video4659.webm,0.787927693337525,1
video466.webm,0.7987825187666306,1
video4665.webm,0.7671625900404384,1
video4669.webm,0.8091865118737855,1
video4672.webm,0.761122880760325,1
video4673.webm,0.7526993191047255,1
video4675.webm,0.727578725578435,1
video4676.webm,0.7855130256235221,1
video468.webm,0.7590324149290981,1
video4682.webm,0.8044070408424752,1
video4683.webm,0.7898931416904982,1
video469.webm,0.7678182100678624,1
video4691.webm,0.8014774851654151,1
video4693.webm,0.7785696702310155,1
video4694.webm,0.7556832934215214,1
video4696.webm,0.7686319756255906,1
video4698.webm,0.7375760132638769,1
video4705.webm,0.776977435926909,1
video471.webm,0.7704813111387266,1
video4711.webm,0.7801902941888601,1
video4713.webm,0.7692360227679877,1
video4724.webm,0.765687671462157,1
video4727.webm,0.7395150808371392,1
video4728.webm,0.8123105771284462,1
video474.webm,0.7504567280099591,1
video4744.webm,0.7695550254886545,1
video4748.webm,0.7558860023857603,1
video4755.webm,0.7918650629951243,1
video4757.webm,0.7684516908155625,1
video4762.webm,0.794387675700229,1
video4767.webm,0.7921261229094841,1
video4778.webm,0.7781750694224887,1
video4784.webm,0.7930114174064847,1
video4785.webm,0.7867000453725634,1
video4786.webm,0.7810080084423175,1
video4789.webm,0.7647637236609712,1
video4792.webm,0.7651982029173716,1
video4806.webm,0.8000827557572389,1
video482.webm,0.7777234205266373,1
video4847.webm,0.782099074945835,1
video4849.webm,0.7859823218090637,1
video4856.webm,0.7681985369973371,1
video4859.webm,0.7987013994835657,1
video4861.webm,0.7669410712034955,1
video4875.webm,0.7708514682552708,1
video4880.webm,0.7977148793483972,1
video4883.webm,0.7412041136071299,1
video4887.webm,0.7808231109125787,1
video4888.webm,0.7526946892216135,1
video4889.webm,0.7641167847053967,1
video4895.webm,0.7663894825790485,1
video4898.webm,0.754331444361434,1
video4899.webm,0.7590472336371749,1
video490.webm,0.7912057326712915,1
video4905.webm,0.7963596125799394,1
video4908.webm,0.801747979073608,1
video4913.webm,0.7949577515587296,1
video4915.webm,0.7957318753084119,1
video4919.webm,0.8109342619390659,1
video493.webm,0.799246191655526,1
video4937.webm,0.7869837394821235,1
video4939.webm,0.7392362497448635,1
video4942.webm,0.7632855719804318,1
video4945.webm,0.8090406829461807,1
video4947.webm,0.7967816963736494,1
video4952.webm,0.8026962169254277,1
video4953.webm,0.7984140116531941,1
video4955.webm,0.7542428241540668,1
video4957.webm,0.797732098753243,1
video4958.webm,0.780482984178468,1
video4969.webm,0.8060509557749717,1
video4981.webm,0.7785346426545813,1
video4982.webm,0.8006377606242275,1
video4985.webm,0.7783867213439284,1
video4988.webm,0.7884369469988602,1
video5.webm,0.7336539274775116,1
video50.webm,0.7845835969006525,1
video5003.webm,0.7903286915645672,1
video5005.webm,0.780800907267539,1
video5009.webm,0.7959752468493402,1
video5011.webm,0.7440385125223992,1
video5014.webm,0.7327515282543821,1
video5021.webm,0.7749775100813764,1
video5027.webm,0.7838932975574291,1
video5035.webm,0.7798643773768831,1
video5040.webm,0.7534083576816402,1
video5046.webm,0.7577188001148156,1
video5052.webm,0.7404934539582675,1
video5053.webm,0.7465400034254477,1
video5054.webm,0.7200473523198476,1
video5057.webm,0.7966332121862783,1
video5065.webm,0.779740418142715,1
video5067.webm,0.7815658817097612,1
video507.webm,0.7695993601857647,1
video5071.webm,0.8175003776705482,1
video5073.webm,0.7653614465135059,1
video5077.webm,0.7745127600828249,1
video5079.webm,0.7659799433420479,1
video5092.webm,0.8046379917995746,1
video5094.webm,0.7800294169338118,1
video5096.webm,0.7809525771674586,1
video5098.webm,0.8051305972163539,1
video5102.webm,0.8019872131026198,1
video5116.webm,0.7928968058548698,1
video5118.webm,0.7927424824554773,1
video5119.webm,0.7847886847152088,1
video5125.webm,0.748161657501038,1
video5139.webm,0.7750871757526477,1
video514.webm,0.7821001512823226,1
video5148.webm,0.7920432347606428,1
video5149.webm,0.7680171722826149,1
video5152.webm,0.7703340854296912,1
video5175.webm,0.8064842330996377,1
video5180.webm,0.7761267605119593,1
video5188.webm,0.8043956411334819,1
video5190.webm,0.798071963577625,1
video5191.webm,0.7708033721325841,1
video520.webm,0.8002565283218471,1
video5209.webm,0.7647772629255705,1
video5210.webm,0.7792223346297183,1
video5216.webm,0.7750370077490123,1
video5217.webm,0.754098882799275,1
video523.webm,0.7795489785405194,1
video5236.webm,0.7952526349904709,1
video5256.webm,0.7688269428351386,1
video526.webm,0.8285591743593506,1
video5261.webm,0.771184247394351,1
video5267.webm,0.7762370658546854,1
video527.webm,0.7585859618624505,1
video5273.webm,0.7847215039961619,1
video5276.webm,0.7974454960705502,1
video5277.webm,0.7702075809520974,1
video5278.webm,0.7982365136190626,1
video528.webm,0.7865483651256305,1
video5288.webm,0.7746020097268559,1
video5294.webm,0.7619268367996372,1
video5295.webm,0.7825825605087876,1
video5297.webm,0.7626236080826801,1
video5299.webm,0.7592134401659895,1
video5307.webm,0.7042393175685886,1
video5308.webm,0.7822282272652754,1
video5313.webm,0.7694340437643327,1
video5315.webm,0.760704363321451,1
video5322.webm,0.8081365163038767,1
video5324.webm,0.7624664781621087,1
video5325.webm,0.7751085512065377,1
video5333.webm,0.8058258629339156,1
video5335.webm,0.7704005630849663,1
video5347.webm,0.7834657825061805,1
video5353.webm,0.8231780629346803,1
video5356.webm,0.787487966102252,1
video5366.webm,0.7364097865480991,1
video5370.webm,0.7563428661626163,1
video5374.webm,0.7952962727462229,1
video5378.webm,0.7863742726020095,1
video5380.webm,0.7839816168114764,1
video5385.webm,0.7871994268493774,1
video5393.webm,0.8088695888449363,1
video5399.webm,0.7851443054605689,1
video5402.webm,0.7579438994586042,1
video5412.webm,0.7773695973920088,1
video5415.webm,0.7712305193962256,1
video5416.webm,0.826152259230658,1
video5423.webm,0.8111449366942836,1
video5428.webm,0.7622043581505613,1
video5430.webm,0.7948857547644133,1
video5431.webm,0.8226922726439225,1
video5449.webm,0.7653233397437437,1
video5463.webm,0.7529730647244962,1
video5464.webm,0.7716259614514611,1
video5468.webm,0.7992157587160711,1
video5469.webm,0.7924961437925685,1
video5471.webm,0.7763594429746401,1
video5473.webm,0.7790663358188321,1
video5475.webm,0.7950530132058392,1
video5485.webm,0.6645744998800649,1
video5492.webm,0.7804036526812566,1
video5493.webm,0.7343342763352665,1
video5499.webm,0.7278555272359533,1
video551.webm,0.7599128184337383,1
video5515.webm,0.7746279014129767,1
video5517.webm,0.7928123964181977,1
video5523.webm,0.781628448165685,1
video5527.webm,0.7824919589178262,1
video5529.webm,0.7822993024513786,1
video5531.webm,0.7909154179770653,1
video5532.webm,0.7787104793557871,1
video5534.webm,0.7751110349137309,1
video5537.webm,0.757297940772323,1
video5540.webm,0.7728684435168895,1
video5549.webm,0.7904708130819258,1
video5556.webm,0.7537344428082676,1
video5557.webm,0.8285130214220966,1
video5558.webm,0.7965514767899939,1
video5572.webm,0.7616847858780129,1
video5574.webm,0.7725297051843276,1
video5583.webm,0.7544057222565409,1
video5586.webm,0.7998382915132787,1
video5599.webm,0.8076228919696631,1
video5603.webm,0.7504045651483777,1
video5613.webm,0.764817545467108,1
video5631.webm,0.780737365937098,1
video5632.webm,0.7407959128346577,1
video5633.webm,0.7601328062775751,1
video5634.webm,0.7586194551366714,1
video5635.webm,0.7596146289234035,1
video5636.webm,0.7650633594192227,1
video5642.webm,0.7564835873908891,1
video5647.webm,0.7248932717849961,1
video5652.webm,0.7833048875309016,1
video5659.webm,0.7484844417335672,1
video5672.webm,0.79778742384449,1
video5680.webm,0.7774600677498222,1
video5683.webm,0.7003463506670363,1
video5690.webm,0.7907532698427571,1
video5692.webm,0.8135124706010757,1
video5695.webm,0.7722395113791561,1
video570.webm,0.7985708498606126,1
video5708.webm,0.7352620984966624,1
video5714.webm,0.7810537289147131,1
video572.webm,0.7512653883152524,1
video5726.webm,0.8047441339720848,1
video5727.webm,0.7688780682412886,1
video5728.webm,0.7847508794177647,1
video5732.webm,0.797606386522844,1
video5735.webm,0.7631704707729869,1
video5738.webm,0.766032028863119,1
video5741.webm,0.7780368971300167,1
video5744.webm,0.7602096046382616,1
video5749.webm,0.8084834064994862,1
video575.webm,0.7820964405626755,1
video5752.webm,0.8158046890605439,1
video5774.webm,0.7638977656615638,1
video5782.webm,0.7719028285056995,1
video5787.webm,0.8045345005626,1
video5789.webm,0.7574535919403955,1
video5792.webm,0.7783157877789522,1
video5795.webm,0.7932102963095402,1
video5796.webm,0.7884288666815911,1
video5798.webm,0.776240462379833,1
video5803.webm,0.7852832253480294,1
video5814.webm,0.7572619661156634,1
video5820.webm,0.7796425885728169,1
video5827.webm,0.777936014796886,1
video5830.webm,0.7813070348127694,1
video5834.webm,0.7939613016142117,1
video5836.webm,0.7731560561596643,1
video5839.webm,0.7801865140473945,1
video5844.webm,0.7016665251474051,1
video5847.webm,0.7971294037352037,1
video5855.webm,0.808123388848661,1
video5857.webm,0.7226016608457453,1
video5858.webm,0.753620652711996,1
video5868.webm,0.7422420205905114,1
video5870.webm,0.7669150853573727,1
video5878.webm,0.7511397165203214,1
video588.webm,0.7847924568152649,1
video5882.webm,0.772843479331903,1
video5885.webm,0.7822936067137337,1
video5894.webm,0.7783463351838716,1
video59.webm,0.7800230173969341,1
video5905.webm,0.7556140288565074,1
video5908.webm,0.7499192147743455,1
video5915.webm,0.7687450517124454,1
video5916.webm,0.7636896383075452,1
video5917.webm,0.7600284794557868,1
video5923.webm,0.7763692391977259,1
video5928.webm,0.7473961228768413,1
video5933.webm,0.7483544943309329,1
video5946.webm,0.7638239391766806,1
video595.webm,0.7585535869120372,1
video596.webm,0.7620796749688554,1
video597.webm,0.7268381162335489,1
video5971.webm,0.7858433216031808,1
video5973.webm,0.8074445478373631,1
video5982.webm,0.7822463807832538,1
video5983.webm,0.7781338842586153,1
video5985.webm,0.76666225138989,1
video5987.webm,0.7914162253370474,1
video5988.webm,0.7829221135014377,1
video5996.webm,0.8114515978306777,1
video5997.webm,0.7876721100358517,1
video5999.webm,0.7941943565033924,1
video6008.webm,0.7960865899494287,1
video601.webm,0.7923321745424732,1
video6014.webm,0.7821515525265348,1
video6020.webm,0.8074335945196645,1
video6023.webm,0.794562792599807,1
video6025.webm,0.7688421342282182,1
video6029.webm,0.7836345792624655,1
video6035.webm,0.8023033221199288,1
video6045.webm,0.8111230621680343,1
video6046.webm,0.7758612784481891,1
video6053.webm,0.768649446007733,1
video6066.webm,0.7865211877493072,1
video6070.webm,0.7353703007736531,1
video6078.webm,0.7791895531165927,1
video6082.webm,0.7467256882461876,1
video6083.webm,0.766512094604143,1
video6085.webm,0.7969222096999019,1
video6090.webm,0.7766056320670038,1
video6101.webm,0.7977095795930009,1
video6108.webm,0.801115096601793,1
video6113.webm,0.7422248377067151,1
video6118.webm,0.8160104067861574,1
video6124.webm,0.7992355927771495,1
video6125.webm,0.7912397602890723,1
video613.webm,0.8053508192074477,1
video6130.webm,0.7838422502875177,1
video6137.webm,0.7519733015467944,1
video6144.webm,0.7678596653053965,1
video6147.webm,0.7469516677773032,1
video6153.webm,0.7674488737157847,1
video6159.webm,0.7685520192927049,1
video6176.webm,0.779726162061021,1
video6180.webm,0.8006088957993236,1
video6181.webm,0.8127992091011448,1
video6193.webm,0.7791454157690736,1
video6197.webm,0.7794828571570955,1
video6200.webm,0.7742410706847797,1
video6202.webm,0.7798311103713826,1
video6211.webm,0.8038500286168062,1
video6217.webm,0.7855205086502334,1
video6220.webm,0.7696211677459748,1
video6222.webm,0.6956678246958189,1
video6223.webm,0.7842860276628502,1
video6226.webm,0.7793653855435818,1
video6228.webm,0.7522331556935494,1
video6229.webm,0.7386988636997914,1
video6238.webm,0.8055574621688466,1
video6241.webm,0.7885187380998566,1
video6242.webm,0.7989067539921452,1
video6249.webm,0.7667239123383521,1
video6251.webm,0.7816005866112095,1
video6253.webm,0.7952675699409134,1
video6259.webm,0.7881511453367825,1
video6263.webm,0.782139866019664,1
video6267.webm,0.7985656900358007,1
video6273.webm,0.7946359383767634,1
video6274.webm,0.7672058153612042,1
video6282.webm,0.7533720037785432,1
video6283.webm,0.8149030634585042,1
video6287.webm,0.8168685103735528,1
video6292.webm,0.7643437396761993,1
video630.webm,0.7936268601401248,1
video6300.webm,0.7339112943771351,1
video6301.webm,0.8036447142109673,1
video6302.webm,0.8028546969390566,1
video6308.webm,0.7714234446744472,1
video6314.webm,0.7713175771536511,1
video6327.webm,0.7975414818748018,1
video6334.webm,0.8052302454285976,1
video6341.webm,0.782421587146426,1
video6345.webm,0.8006044352337501,1
video6355.webm,0.7826099399861371,1
video6360.webm,0.7534547891075174,1
video6364.webm,0.7504343290577332,1
video6365.webm,0.8021647114884383,1
video6367.webm,0.7843106418559251,1
video6369.webm,0.7906080751770038,1
video637.webm,0.7633304284159705,1
video6371.webm,0.7666609779720372,1
video6372.webm,0.7861761307012012,1
video6374.webm,0.776923656840394,1
video6375.webm,0.7832327301409683,1
video6383.webm,0.7840393045984558,1
video6384.webm,0.7751120338158476,1
video6389.webm,0.7684880738015623,1
video6394.webm,0.7887379884963837,1
video64.webm,0.7579450792409406,1
video6405.webm,0.7991473765897181,1
video6411.webm,0.7691609619048905,1
video6414.webm,0.7713637062239329,1
video6417.webm,0.8019169721742803,1
video6424.webm,0.7797091218393327,1
video6428.webm,0.7582392005267873,1
video6430.webm,0.8165955566042542,1
video6435.webm,0.6683938306551056,1
video6443.webm,0.7555263905024092,1
video6445.webm,0.8004083055544795,1
video6449.webm,0.8021523304422267,1
video645.webm,0.7648950875406768,1
video6451.webm,0.761807571926648,1
video6455.webm,0.7575621457044919,1
video6459.webm,0.7247794210051846,1
video6464.webm,0.76708962118006,1
video6468.webm,0.7655563436253228,1
video6469.webm,0.7689054012774199,1
video6471.webm,0.7677129462439465,1
video6472.webm,0.801425097484469,1
video6482.webm,0.7839190445636154,1
video6487.webm,0.7659668159159305,1
video6490.webm,0.8138869118196996,1
video6495.webm,0.7974709897419949,1
video6497.webm,0.7096541748625695,1
video6500.webm,0.7953230535961647,1
video6511.webm,0.7385131461348762,1
video6513.webm,0.8306261996442674,1
video6514.webm,0.7662511185593868,1
video6520.webm,0.7555614042168671,1
video6522.webm,0.8011579539793959,1
video6529.webm,0.7921254495429255,1
video653.webm,0.776810156880424,1
video6548.webm,0.7654144530431002,1
video6549.webm,0.7651318417963361,1
video655.webm,0.801039152009067,1
video6553.webm,0.749783415439562,1
video6571.webm,0.7784105937341841,1
video6575.webm,0.7862511954144669,1
video658.webm,0.71762137780733,1
video6580.webm,0.8002635539832577,1
video659.webm,0.8051623405802517,1
video6597.webm,0.812031118447444,1
video6603.webm,0.7445809813211409,1
video6605.webm,0.689952027693309,1
video6606.webm,0.7582849938683357,1
video6612.webm,0.774202409072871,1
video6614.webm,0.7858728440487833,1
video6615.webm,0.7196268949181059,1
video6620.webm,0.745716776874362,1
video6631.webm,0.7623956809784005,1
video6636.webm,0.7828253165294274,1
video6638.webm,0.7684813551985032,1
video6642.webm,0.7752280895488488,1
video6644.webm,0.7801698978549827,1
video6653.webm,0.7784290108780417,1
video6657.webm,0.7746858333119111,1
video666.webm,0.7712415471689744,1
video6665.webm,0.7568927712396565,1
video6666.webm,0.7886714593299611,1
video6679.webm,0.8234200271948238,1
video6685.webm,0.7774227707403747,1
video6693.webm,0.7690974032775905,1
video6697.webm,0.7947892743861418,1
video6698.webm,0.7824999975854445,1
video670.webm,0.7429987332473764,1
video6701.webm,0.7488052466179841,1
video6705.webm,0.7781054998315593,1
video6709.webm,0.7885315298927151,1
video6715.webm,0.7568722022174782,1
video6720.webm,0.7531911638735774,1
video6723.webm,0.8058910293864836,1
video6724.webm,0.7786310788415379,1
video6729.webm,0.8000051877032879,1
video673.webm,0.7685046259173767,1
video6732.webm,0.773764331215723,1
video6738.webm,0.7404771890178514,1
video6739.webm,0.7902601188406734,1
video6744.webm,0.7692395146017772,1
video6750.webm,0.7683966010842788,1
video6758.webm,0.7804203936190222,1
video6761.webm,0.7586743343605777,1
video6768.webm,0.7865038453444599,1
video6770.webm,0.7719056671853166,1
video6774.webm,0.7347779804000787,1
video6775.webm,0.7696826740149296,1
video6778.webm,0.8045698791806007,1
video6787.webm,0.8138344862447171,1
video6805.webm,0.778404388328252,1
video6818.webm,0.7803306428047415,1
video6821.webm,0.7834881604954251,1
video6824.webm,0.7729861705425191,1
video6827.webm,0.8206731526388078,1
video6835.webm,0.7791682259614789,1
video6837.webm,0.7751813192257949,1
video6838.webm,0.789379421458638,1
video6840.webm,0.7854597741340105,1
video6843.webm,0.742030496645388,1
video6848.webm,0.8018573123660071,1
video685.webm,0.7538860351229207,1
video6855.webm,0.7754847792983907,1
video6857.webm,0.7866092376287537,1
video6867.webm,0.7876768129958323,1
video6868.webm,0.7523884035002144,1
video6874.webm,0.778925189893888,1
video6881.webm,0.7819368810713496,1
video6884.webm,0.7394296401682362,1
video6892.webm,0.8020890575262286,1
video6902.webm,0.7758586944313247,1
video6906.webm,0.7934637131662632,1
video691.webm,0.794030995938001,1
video6916.webm,0.7682046192116145,1
video693.webm,0.7739946258683112,1
video6930.webm,0.792822826074739,1
video6938.webm,0.7873118150319968,1
video694.webm,0.7580279472253394,1
video6943.webm,0.7860884433745459,1
video6944.webm,0.7488080080304279,1
video6957.webm,0.7828810966593462,1
video6963.webm,0.803258358365057,1
video6967.webm,0.7858430856304497,1
video6969.webm,0.8056018952270041,1
video6971.webm,0.7973491257121668,1
video6972.webm,0.803638918671218,1
video698.webm,0.7927926242022596,1
video6980.webm,0.7533391250258954,1
video6982.webm,0.7732790450690491,1
video6986.webm,0.7970100578402559,1
video6987.webm,0.7852086695437791,1
video6995.webm,0.8082563335096316,1
video6997.webm,0.7774042655239508,1
video7.webm,0.7705957327087318,1
video70.webm,0.789974930295619,1
video700.webm,0.7852050291373399,1
video7000.webm,0.7661038859864104,1
video7014.webm,0.8021523643170628,1
video7019.webm,0.7945715407288676,1
video702.webm,0.7987607808178735,1
video7020.webm,0.753178975309529,1
video7032.webm,0.7725948778074136,1
video7035.webm,0.7649140805091523,1
video7036.webm,0.7470970368655125,1
video7039.webm,0.7945715716382453,1
video7049.webm,0.773906608762948,1
video7053.webm,0.7838790698564014,1
video7054.webm,0.7916340603220285,1
video7055.webm,0.8159853206079386,1
video706.webm,0.8075957268746752,1
video7062.webm,0.770762287417664,1
video7068.webm,0.8006925511298923,1
video707.webm,0.7828179185019387,1
video7075.webm,0.7866835958495951,1
video7076.webm,0.7717946870418126,1
video7092.webm,0.7884855022478962,1
video71.webm,0.8006601429527629,1
video710.webm,0.8013318047621536,1
video7107.webm,0.8081458226602511,1
video7111.webm,0.8201555591235616,1
video7120.webm,0.7919940808147847,1
video7123.webm,0.7813172308412308,1
video7124.webm,0.7648452963947621,1
video7130.webm,0.7692900566071961,1
video7137.webm,0.8019250856135609,1
video7139.webm,0.7998404005881471,1
video714.webm,0.7760491006914381,1
video7158.webm,0.768966928367973,1
video7169.webm,0.7839724231270695,1
video7171.webm,0.8186323142044151,1
video7178.webm,0.7926206917646565,1
video7182.webm,0.7421078895057982,1
video7186.webm,0.7769523007083656,1
video7187.webm,0.7830718957097671,1
video7190.webm,0.783214641186705,1
video7212.webm,0.7940372405154286,1
video7228.webm,0.7893404381575441,1
video7232.webm,0.8006449300829294,1
video7234.webm,0.7901488664093956,1
video7236.webm,0.7719956373437411,1
video7247.webm,0.8200148937189529,1
video7252.webm,0.7131440752472052,1
video7254.webm,0.7819372799885018,1
video7268.webm,0.7884390169067762,1
video7272.webm,0.7755872526964784,1
video7277.webm,0.7984668742457548,1
video7280.webm,0.7837639327593204,1
video7282.webm,0.7425761090146022,1
video7284.webm,0.795903957504339,1
video7294.webm,0.8215911267925187,1
video7316.webm,0.8085214759447958,1
video7323.webm,0.771471327299806,1
video7326.webm,0.7974688814681505,1
video7327.webm,0.7778840551747027,1
video7330.webm,0.789461142278945,1
video7332.webm,0.7528346504643938,1
video7340.webm,0.7917056692655624,1
video7353.webm,0.7984371628727979,1
video7354.webm,0.7902002609176265,1
video7356.webm,0.778725060780991,1
video7357.webm,0.785898455979832,1
video7366.webm,0.7933999144587613,1
video7368.webm,0.7498448556803448,1
video7369.webm,0.7841020783941469,1
video7371.webm,0.7978723257862037,1
video7379.webm,0.7756197819960026,1
video7384.webm,0.7591432105830532,1
video739.webm,0.8104843063329201,1
video7393.webm,0.7829132905381635,1
video7395.webm,0.7864791915395313,1
video7403.webm,0.7633896820005542,1
video7412.webm,0.818497507480892,1
video7413.webm,0.8108302345353076,1
video7418.webm,0.7710228892579409,1
video7420.webm,0.7857156461580838,1
video7425.webm,0.7707555299457465,1
video7430.webm,0.7862912037614219,1
video7440.webm,0.7866026279826299,1
video7441.webm,0.7676900576622567,1
video7449.webm,0.7642553249790647,1
video7450.webm,0.7595303567405943,1
video7455.webm,0.7487383323675119,1
video7459.webm,0.7381625148341378,1
video7460.webm,0.7692637248955371,1
video7464.webm,0.768560798771249,1
video7467.webm,0.7961867024537416,1
video7476.webm,0.7777156954198577,1
video748.webm,0.7940481708943445,1
video7482.webm,0.7669350779937426,1
video7484.webm,0.7771723878875614,1
video7487.webm,0.803707508623682,1
video7490.webm,0.820368803786492,1
video7501.webm,0.7722275646696491,1
video7509.webm,0.7849589576999929,1
video7512.webm,0.7866425125442024,1
video7514.webm,0.7908675214361088,1
video7529.webm,0.7715520785845409,1
video7537.webm,0.8250688064840037,1
video7547.webm,0.7654152012697031,1
video7551.webm,0.7394371447028804,1
video7553.webm,0.7685900029017186,1
video7557.webm,0.7449798773495058,1
video7559.webm,0.7578828831806035,1
video756.webm,0.808894377260065,1
video7561.webm,0.80042701990917,1
video7564.webm,0.790138086505444,1
video7570.webm,0.7879172642808339,1
video7577.webm,0.8033302653195655,1
video7583.webm,0.8011721260166826,1
video7586.webm,0.8059818821523317,1
video7594.webm,0.7996779171872137,1
video7595.webm,0.8144028126807994,1
video7601.webm,0.8002168455559625,1
video7620.webm,0.7896277125629707,1
video7622.webm,0.794447542154927,1
video7623.webm,0.8059729731422403,1
video7630.webm,0.7917711287984757,1
video7639.webm,0.7848814867823701,1
video7645.webm,0.7527993815148157,1
video7653.webm,0.7711300401420703,1
video7658.webm,0.7728462003589922,1
video766.webm,0.7813185193916364,1
video7663.webm,0.7936095592988879,1
video7666.webm,0.7983401382478086,1
video7668.webm,0.7619445275632889,1
video768.webm,0.8015618150755413,1
video7684.webm,0.7941541999075201,1
video7685.webm,0.7575152297300151,1
video7693.webm,0.7814675368883338,1
video7695.webm,0.7768376868928631,1
video7700.webm,0.7971574577104246,1
video7708.webm,0.7641056788103353,1
video7709.webm,0.7905442806781586,1
video7712.webm,0.7920410439749794,1
video772.webm,0.7444771476629212,1
video7727.webm,0.8172575806227216,1
video7730.webm,0.7943395459867777,1
video7733.webm,0.7725654172495782,1
video7734.webm,0.7817958640935632,1
video7735.webm,0.7239036343650687,1
video774.webm,0.7201529865721474,1
video7744.webm,0.6993329605629358,1
video7747.webm,0.799425239468295,1
video7750.webm,0.7675550016491318,1
video7755.webm,0.8026938623007758,1
video7764.webm,0.7736347628782562,1
video7765.webm,0.7562866437448708,1
video7766.webm,0.7952179531934398,1
video7767.webm,0.8068303625807871,1
video7768.webm,0.7957074976541603,1
video7776.webm,0.7747624103750109,1
video7778.webm,0.7931043367846989,1
video7779.webm,0.7687848075165934,1
video7781.webm,0.7626072045860499,1
video7790.webm,0.7621982126730289,1
video7791.webm,0.7526148582554224,1
video7794.webm,0.8087814101626458,1
video7796.webm,0.7819958057037075,1
video7797.webm,0.7682079656934315,1
video7798.webm,0.7952332258527383,1
video780.webm,0.7991978932500565,1
video7810.webm,0.7977857492350187,1
video7814.webm,0.798035878579464,1
video7827.webm,0.8064213643588422,1
video7829.webm,0.7648603100091627,1
video7836.webm,0.8016782596591386,1
video784.webm,0.8133753534109722,1
video7843.webm,0.8008023533616268,1
video7845.webm,0.7697718632879349,1
video7847.webm,0.7607630370404439,1
video7850.webm,0.802826500211997,1
video7855.webm,0.7932597562284411,1
video7857.webm,0.7832529090617917,1
video7859.webm,0.783916606936681,1
video7860.webm,0.798853300325282,1
video7864.webm,0.7307167333319506,1
video7866.webm,0.7743502473713577,1
video7870.webm,0.7815059772015402,1
video7871.webm,0.7655390424323403,1
video7876.webm,0.7629807351424563,1
video7877.webm,0.7872171299023912,1
video7881.webm,0.769369800506972,1
video7882.webm,0.7830760291607262,1
video7900.webm,0.7585307376592326,1
video7905.webm,0.7681083035430599,1
video7911.webm,0.7702771984447581,1
video7914.webm,0.788993771447364,1
video7922.webm,0.7930685841446696,1
video7924.webm,0.8222125216503696,1
video7932.webm,0.7680190424870812,1
video7934.webm,0.7959425021606692,1
video7937.webm,0.8012182591116717,1
video7938.webm,0.7970127015176821,1
video7943.webm,0.7776474895077271,1
video7949.webm,0.7928434965254008,1
video7950.webm,0.789899913328867,1
video7960.webm,0.7617802200417599,1
video7965.webm,0.7658915992861679,1
video7966.webm,0.7389474477695943,1
video7968.webm,0.8013836431353095,1
video7971.webm,0.7859830880912253,1
video7974.webm,0.8034974975239662,1
video7978.webm,0.7888161476155185,1
video7979.webm,0.7868653003691943,1
video7982.webm,0.7753534298112176,1
video7989.webm,0.7233792746751234,1
video8003.webm,0.7531138333994878,1
video8005.webm,0.8041673245475133,1
video8006.webm,0.7899893205219324,1
video8007.webm,0.8110137884121643,1
video8011.webm,0.7916282293960791,1
video8017.webm,0.7980230399079474,1
video802.webm,0.771189838719029,1
video8020.webm,0.7816427346069428,1
video8025.webm,0.7967254832290603,1
video8031.webm,0.8043138036749686,1
video8034.webm,0.7185299307666673,1
video8039.webm,0.7982683293045236,1
video804.webm,0.800477713726813,1
video8046.webm,0.7588795432460469,1
video8053.webm,0.7599254360318726,1
video8055.webm,0.7772159349703196,1
video8070.webm,0.7894713922300898,1
video8083.webm,0.6997742840377214,1
video8093.webm,0.7994391610554566,1
video8094.webm,0.7542214449649284,1
video8099.webm,0.8095668420592772,1
video810.webm,0.809406762470654,1
video8106.webm,0.7914262018165164,1
video8107.webm,0.7765504603515346,1
video8116.webm,0.7845635510486522,1
video8117.webm,0.7590337502568951,1
video8119.webm,0.7887853820414319,1
video8125.webm,0.7856813914283489,1
video8129.webm,0.7943289564460808,1
video8130.webm,0.8032677638618023,1
video8133.webm,0.7900807651146042,1
video8135.webm,0.7544482826469435,1
video8139.webm,0.7873978209387699,1
video8141.webm,0.7659124800678803,1
video8143.webm,0.779350262184043,1
video8144.webm,0.8041944722247198,1
video8148.webm,0.7710120323857954,1
video815.webm,0.7994665550654187,1
video8154.webm,0.8232911573255607,1
video8160.webm,0.7332081379464344,1
video8164.webm,0.7777314756200818,1
video8173.webm,0.7921863987247931,1
video8176.webm,0.7886442638430442,1
video8177.webm,0.8033101685697769,1
video8183.webm,0.7830598314578685,1
video8203.webm,0.79383772999745,1
video8204.webm,0.8018704416871154,1
video8212.webm,0.7407763783428314,1
video8213.webm,0.789778995883019,1
video822.webm,0.795018529588833,1
video8223.webm,0.8117251008042435,1
video8232.webm,0.8007454265185731,1
video8237.webm,0.794667546252491,1
video8242.webm,0.789339602616197,1
video8244.webm,0.7571676087382377,1
video8248.webm,0.808581087429056,1
video8250.webm,0.7924851214648545,1
video8255.webm,0.732180365192036,1
video8257.webm,0.7843126596329975,1
video8258.webm,0.7719560457134064,1
video826.webm,0.7697477777323516,1
video8262.webm,0.7582728229431787,1
video8264.webm,0.7933167290410433,1
video8270.webm,0.7794123367658865,1
video8273.webm,0.7374905546092014,1
video8278.webm,0.8048410943538643,1
video8281.webm,0.806010533772264,1
video8285.webm,0.7753049230581444,1
video8298.webm,0.7767191203161279,1
video8302.webm,0.8037128796142909,1
video8307.webm,0.7811563955146709,1
video8312.webm,0.7674968440636967,1
video8315.webm,0.7779869779076967,1
video832.webm,0.7737871013280245,1
video8320.webm,0.7682953905110221,1
video8321.webm,0.7971987015145654,1
video8332.webm,0.8016431305257677,1
video8340.webm,0.7822415885749248,1
video8342.webm,0.8149696816094361,1
video8343.webm,0.7953312741840834,1
video836.webm,0.7986634241669316,1
video8362.webm,0.7930664676916138,1
video8370.webm,0.7864459828438279,1
video8372.webm,0.772217771725709,1
video8373.webm,0.7785726795188609,1
video8376.webm,0.723607171569097,1
video8388.webm,0.7560728735399986,1
video8391.webm,0.7615706173613184,1
video8392.webm,0.7931288162168436,1
video8393.webm,0.7646353392804897,1
video8404.webm,0.7796455435284211,1
video8408.webm,0.7812477831585769,1
video841.webm,0.7894756346295766,1
video8411.webm,0.7657598891417936,1
video8412.webm,0.7735385571812119,1
video8413.webm,0.7718592462363993,1
video8416.webm,0.7499584350804327,1
video8417.webm,0.7898327694942016,1
video8418.webm,0.7751662717823706,1
video8419.webm,0.7823135717078141,1
video8424.webm,0.8076297445394129,1
video8431.webm,0.7959412205411773,1
video8432.webm,0.7895192659827398,1
video8440.webm,0.7799364124194067,1
video8445.webm,0.8069714482674143,1
video845.webm,0.7768716310378515,1
video8450.webm,0.7719568230388131,1
video8457.webm,0.7634270122472671,1
video8460.webm,0.7714335484548114,1
video8462.webm,0.8121341651635696,1
video8463.webm,0.7810119016728747,1
video8467.webm,0.7222334266513173,1
video8469.webm,0.7543060314814151,1
video8483.webm,0.75729634666401,1
video8484.webm,0.7282176489018176,1
video8486.webm,0.7708816549277538,1
video8490.webm,0.7739553708786536,1
video8501.webm,0.7494233126624872,1
video8502.webm,0.7771773993943368,1
video8511.webm,0.7786340025521274,1
video8519.webm,0.7717150567343697,1
video8523.webm,0.7645443391173066,1
video8527.webm,0.7323169486546475,1
video8528.webm,0.8342253213192496,1
video8533.webm,0.7636412630222152,1
video8534.webm,0.753619249220999,1
video8536.webm,0.8141184801540906,1
video8537.webm,0.739410647171376,1
video8539.webm,0.7644504797920608,1
video854.webm,0.7875572731813661,1
video8540.webm,0.7983132118917906,1
video8541.webm,0.7904883976008819,1
video8548.webm,0.7787472753403009,1
video8555.webm,0.7666287656631916,1
video8559.webm,0.7977268134310056,1
video856.webm,0.7979751665222983,1
video8564.webm,0.7919812127693322,1
video8567.webm,0.8081096306222376,1
video8569.webm,0.8069330603939776,1
video8570.webm,0.7994838874423305,1
video8571.webm,0.8022263757743859,1
video8574.webm,0.7818035684497378,1
video8589.webm,0.7608147174830873,1
video8599.webm,0.7926614755066439,1
video8608.webm,0.7804316849029411,1
video8610.webm,0.8119776717479508,1
video8612.webm,0.7762981809429195,1
video8617.webm,0.7764717430543994,1
video8620.webm,0.7790182495734213,1
video8626.webm,0.7875156395010492,1
video8627.webm,0.7929114662897994,1
video863.webm,0.7849143940722707,1
video8634.webm,0.8021577411004142,1
video8639.webm,0.7709455705562884,1
video8645.webm,0.7990429731563666,1
video8651.webm,0.7262337209371276,1
video8656.webm,0.7596982728158377,1
video8662.webm,0.7921983223792889,1
video8666.webm,0.7961615635441958,1
video8675.webm,0.8144396137904429,1
video8681.webm,0.7975526743954076,1
video8682.webm,0.7849366950608311,1
video8686.webm,0.7968343724932161,1
video8688.webm,0.8088107873376712,1
video8690.webm,0.8138662233062066,1
video8697.webm,0.7994116999402098,1
video8699.webm,0.7855537998502341,1
video8703.webm,0.7624180287506739,1
video8706.webm,0.7593966607711564,1
video8707.webm,0.7957896866769127,1
video8712.webm,0.7783024067338222,1
video8715.webm,0.7667040333011277,1
video8716.webm,0.7994274974449187,1
video8721.webm,0.7900332221011427,1
video8728.webm,0.7605886939832001,1
video873.webm,0.7703159181550503,1
video8737.webm,0.7509144435909926,1
video8745.webm,0.7892545327300916,1
video8747.webm,0.7850202078867994,1
video875.webm,0.755690802473562,1
video876.webm,0.7663018700495007,1
video8761.webm,0.8015418675796849,1
video8767.webm,0.7599389519797255,1
video8769.webm,0.789669820629235,1
video8773.webm,0.7856992698909242,1
video8777.webm,0.7824491780189958,1
video8787.webm,0.8036984764875177,1
video8793.webm,0.7654681445572331,1
video8798.webm,0.7481719790478897,1
video8801.webm,0.7735721061525627,1
video8809.webm,0.7881386545944922,1
video8812.webm,0.7946611833532532,1
video882.webm,0.7645426192034716,1
video8823.webm,0.7754379450194978,1
video8824.webm,0.7783987703930997,1
video8831.webm,0.7194157995150485,1
video8832.webm,0.7850062590377723,1
video8836.webm,0.8049448915942607,1
video8839.webm,0.7516182855421344,1
video8841.webm,0.7872583635977617,1
video8844.webm,0.7439312176392824,1
video8847.webm,0.7979554747702264,1
video8848.webm,0.7538661896796299,1
video8850.webm,0.7851984528200772,1
video8854.webm,0.7832135796533435,1
video8857.webm,0.737087052765063,1
video8864.webm,0.7988464044361664,1
video8867.webm,0.7531560364439935,1
video888.webm,0.7681186590380167,1
video8880.webm,0.7895421054391449,1
video8882.webm,0.8181434389990425,1
video8884.webm,0.7799267106833354,1
video8886.webm,0.805436297823138,1
video8898.webm,0.7693579153948147,1
video8899.webm,0.7591195241469055,1
video890.webm,0.7071742226902381,1
video8901.webm,0.7827038775632023,1
video8908.webm,0.773599398250479,1
video8917.webm,0.7457109604305814,1
video8919.webm,0.7957927451773437,1
video8921.webm,0.7853798971805153,1
video8922.webm,0.7813197331323529,1
video8925.webm,0.7566400303735185,1
video8927.webm,0.7669567417481288,1
video893.webm,0.7421126094185626,1
video8936.webm,0.7932398191979372,1
video8939.webm,0.7787897940869323,1
video894.webm,0.7736308807112827,1
video8941.webm,0.786462842732824,1
video8943.webm,0.8036483410230821,1
video8947.webm,0.7694394171931084,1
video8951.webm,0.7979999268116369,1
video8958.webm,0.7773695783836274,1
video8966.webm,0.7632572029064757,1
video897.webm,0.818417290169911,1
video8971.webm,0.7750291112014489,1
video8975.webm,0.7776538430699993,1
video8982.webm,0.7852318860405452,1
video8991.webm,0.753557011882803,1
video8993.webm,0.7680420115981876,1
video8996.webm,0.7402782362880669,1
video9.webm,0.6722434085039756,1
video9002.webm,0.763578458600163,1
video9015.webm,0.6879483446952597,1
video9019.webm,0.7862458559977507,1
video9021.webm,0.7704826914893141,1
video9023.webm,0.821993545517778,1
video9024.webm,0.7917328080311,1
video9029.webm,0.7986743245007453,1
video903.webm,0.7887230310241974,1
video9030.webm,0.7738736182313324,1
video9036.webm,0.8006555194423772,1
video904.webm,0.7767497562309273,1
video9040.webm,0.8018444561514572,1
video9043.webm,0.7630367659667125,1
video9046.webm,0.762392064520925,1
video9049.webm,0.7988008556327769,1
video9051.webm,0.7657552345636183,1
video9054.webm,0.7705235675825914,1
video9062.webm,0.7847042218497151,1
video9077.webm,0.7893367378302893,1
video9080.webm,0.7968898699751985,1
video9081.webm,0.770358415957136,1
video9085.webm,0.7902116811279642,1
video9087.webm,0.7828853860941236,1
video9099.webm,0.7382286272600731,1
video91.webm,0.7386524488754856,1
video910.webm,0.7455859806379281,1
video9104.webm,0.7968664258785536,1
video911.webm,0.7769273612256565,1
video9111.webm,0.7795699560897718,1
video9122.webm,0.7993425062867019,1
video9124.webm,0.7876806976672526,1
video9126.webm,0.7494260427062046,1
video9129.webm,0.8004285452880866,1
video913.webm,0.7904599655488556,1
video9136.webm,0.7839219966165453,1
video9144.webm,0.8131936098113709,1
video9146.webm,0.7441227837535873,1
video9148.webm,0.7776980990761995,1
video9149.webm,0.7714137719966312,1
video9154.webm,0.7482622212395498,1
video9156.webm,0.7512547396121049,1
video9161.webm,0.791076655354246,1
video9164.webm,0.7806818162054427,1
video9173.webm,0.7754383859919531,1
video9178.webm,0.7461436118981946,1
video9182.webm,0.7561385563802241,1
video9189.webm,0.791895752849001,1
video9195.webm,0.7956374077626804,1
video9196.webm,0.7553342191438205,1
video9199.webm,0.7742280240137361,1
video9200.webm,0.7615664639080306,1
video9201.webm,0.7697375636689188,1
video9233.webm,0.8117661629945941,1
video9237.webm,0.7691526158631451,1
video9238.webm,0.823110776433715,1
video9244.webm,0.7937736266812312,1
video9264.webm,0.80937953407006,1
video9265.webm,0.7927349603189721,1
video9267.webm,0.7930044835741342,1
video9272.webm,0.7485464262380739,1
video9274.webm,0.810799160996418,1
video9279.webm,0.764755526144296,1
video9281.webm,0.7671849402999917,1
video9285.webm,0.7691211061567624,1
video9286.webm,0.757652634279685,1
video9287.webm,0.7905098832026463,1
video9306.webm,0.78825041113136,1
video9308.webm,0.7414496277118178,1
video9314.webm,0.7846236693428529,1
video9320.webm,0.7639335153360751,1
video9325.webm,0.775492751791726,1
video9326.webm,0.7830222036166602,1
video9332.webm,0.7753512401210617,1
video9336.webm,0.8105064294988471,1
video9338.webm,0.8109110089327267,1
video9340.webm,0.7879507392210812,1
video9346.webm,0.8177548262513521,1
video935.webm,0.759917430947316,1
video9351.webm,0.7582683688852256,1
video9352.webm,0.7995964808747421,1
video9355.webm,0.8068980399490386,1
video9363.webm,0.8241992723489595,1
video9364.webm,0.7537860638426477,1
video9378.webm,0.7675467076662026,1
video9383.webm,0.7969962185168948,1
video9384.webm,0.765991007268807,1
video940.webm,0.7909915026865023,1
video9401.webm,0.7706480711863735,1
video9410.webm,0.7611292262036256,1
video9411.webm,0.735845151882987,1
video9413.webm,0.7635057173651861,1
video9418.webm,0.6865696282001863,1
video9429.webm,0.7670660731805005,1
video9436.webm,0.7660541568480232,1
video944.webm,0.7947395638306192,1
video9442.webm,0.7956313595625003,1
video9444.webm,0.7720215336504617,1
video9447.webm,0.7484754890286467,1
video945.webm,0.7597719861162161,1
video9458.webm,0.8082735796984652,1
video9459.webm,0.7904395522460472,1
video946.webm,0.7877040947372662,1
video9467.webm,0.7933444381205977,1
video9471.webm,0.7762164945374644,1
video9482.webm,0.7943916053857556,1
video9489.webm,0.7943267313965581,1
video9491.webm,0.7945345185566723,1
video9494.webm,0.7449469456030952,1
video9498.webm,0.7617760662262817,1
video950.webm,0.771749455384951,1
video9514.webm,0.7780280290040138,1
video9520.webm,0.8045747186422013,1
video9539.webm,0.7900123640563774,1
video9540.webm,0.7837287473172824,1
video955.webm,0.7525031180924238,1
video9563.webm,0.7925458886570713,1
video9569.webm,0.7876748869622618,1
video9570.webm,0.7767358981830746,1
video9578.webm,0.814345460527006,1
video9579.webm,0.7500343520836373,1
video9580.webm,0.7780617194518018,1
video9581.webm,0.7778040643644333,1
video9594.webm,0.773956654317154,1
video9597.webm,0.8134885356557645,1
video9603.webm,0.762469169324327,1
video9616.webm,0.7405353189008475,1
video9617.webm,0.7935016002668795,1
video9622.webm,0.7627511771827336,1
video9626.webm,0.7572503158789864,1
video9629.webm,0.768617405714775,1
video9644.webm,0.799731595284794,1
video9664.webm,0.7607965934126149,1
video9666.webm,0.8089038010710324,1
video9669.webm,0.7726555386588698,1
video9678.webm,0.7434248853282368,1
video968.webm,0.7809740902986355,1
video9682.webm,0.7852813564717591,1
video9696.webm,0.8040110394000974,1
video9697.webm,0.7907142307082637,1
video97.webm,0.7960993104409771,1
video9700.webm,0.7846523266595231,1
video971.webm,0.7856227032730966,1
video9713.webm,0.7933378039047325,1
video9721.webm,0.750956275358794,1
video9722.webm,0.7799587236296881,1
video9724.webm,0.7736234627955447,1
video9726.webm,0.8082042114320989,1
video9727.webm,0.7828869776661599,1
video9728.webm,0.8100971691461909,1
video973.webm,0.7764399329237891,1
video9734.webm,0.7359446037848936,1
video9735.webm,0.7979491005189863,1
video9750.webm,0.7696183175436531,1
video9759.webm,0.7934260279645996,1
video9761.webm,0.7940801259899288,1
video9763.webm,0.7238001004425104,1
video977.webm,0.7881024970900399,1
video9770.webm,0.7498756208592662,1
video9774.webm,0.7888584894151843,1
video9775.webm,0.7720973935879012,1
video9777.webm,0.796460159139697,1
video978.webm,0.8072204294928118,1
video9784.webm,0.7693920286840141,1
video979.webm,0.7891319595536956,1
video9791.webm,0.7878876037428921,1
video9794.webm,0.756474783252497,1
video9798.webm,0.7502004953405527,1
video98.webm,0.7781228188941108,1
video9800.webm,0.7920679314158013,1
video9804.webm,0.7420362784943065,1
video9811.webm,0.7694546882662284,1
video9814.webm,0.818013403873337,1
video9817.webm,0.7370195214681938,1
video9818.webm,0.7550532467160201,1
video9830.webm,0.7498736936774538,1
video9836.webm,0.7614320783803159,1
video9837.webm,0.7988034302747018,1
video9841.webm,0.8016787196275886,1
video9863.webm,0.7936042521120703,1
video9865.webm,0.7674697326948849,1
video9866.webm,0.807037782632297,1
video9867.webm,0.7892747975923337,1
video9868.webm,0.7997152405183027,1
video9869.webm,0.7302758812440261,1
video987.webm,0.7915401384035392,1
video9880.webm,0.7718183374949203,1
video9882.webm,0.7898449873494451,1
video9886.webm,0.8234719766194853,1
video9887.webm,0.7736835987801977,1
video989.webm,0.7877622830046913,1
video9899.webm,0.7884561828830702,1
video99.webm,0.7641683198040282,1
video9902.webm,0.7738578622440904,1
video9910.webm,0.7748814118267213,1
video9911.webm,0.7933292533092249,1
video9912.webm,0.793137666442754,1
video9916.webm,0.7892868355161858,1
video9919.webm,0.7765186744805598,1
video9921.webm,0.8103360779756276,1
video9922.webm,0.8122167945223335,1
video9924.webm,0.8093041705429059,1
video9933.webm,0.7768395300783408,1
video9934.webm,0.7717148354280855,1
video9937.webm,0.783942093053344,1
video9941.webm,0.7994815469117583,1
video9947.webm,0.7642354309029339,1
video9953.webm,0.7833166918585028,1
video9955.webm,0.8088928513947347,1
video996.webm,0.7758094954022048,1
video9962.webm,0.7607399328311613,1
video9973.webm,0.8344001330114209,1
video9978.webm,0.7752922713584773,1
video9979.webm,0.7652828875419,1
