video1.webm,0.8217474071544915,1
video1000.webm,0.8568532523293889,1
video1002.webm,0.8714754413878654,1
video1008.webm,0.9178504906147597,1
video1010.webm,0.8457851395329669,1
video1011.webm,0.9050669853368825,1
video1013.webm,0.8732450697386909,1
video1016.webm,0.85266717598055,1
video1018.webm,0.8841853502996212,1
video1026.webm,0.8970241680699237,1
video1029.webm,0.900785585981626,1
video103.webm,0.8488717945606394,1
video1034.webm,0.8055210192621716,1
video1037.webm,0.8712141942479099,1
video1058.webm,0.8879430993162152,1
video1059.webm,0.8573730969741461,1
video1062.webm,0.8581625692231754,1
video1068.webm,0.8725472463546556,1
video1072.webm,0.8604986023101586,1
video1082.webm,0.8697303608268125,1
video1087.webm,0.8091547837302329,1
video109.webm,0.8359661859329104,1
video1092.webm,0.841286895240178,1
video1094.webm,0.8994403289775623,1
video1096.webm,0.8875511557385833,1
video1098.webm,0.8124466912064819,1
video11.webm,0.8467408340787339,1
video1101.webm,0.9024567166376436,1
video1108.webm,0.8539373943500693,1
video111.webm,0.8653289165765998,1
video1113.webm,0.8750034672879614,1
video1120.webm,0.7627549433166477,1
video1123.webm,0.8982027326564042,1
video1126.webm,0.8819876487560688,1
video1130.webm,0.8384354776842207,1
video1138.webm,0.9018943874366322,1
video1140.webm,0.9147861522689372,1
video1141.webm,0.807346234358509,1
video1142.webm,0.8711092046966165,1
video1151.webm,0.8353543920639503,1
video1155.webm,0.8629246798323724,1
video1157.webm,0.9146890138507775,1
video1158.webm,0.8948558415176985,1
video116.webm,0.8152775134837045,1
video1169.webm,0.873435599053375,1
video117.webm,0.8775182028845816,1
video1172.webm,0.8747600687580673,1
video1179.webm,0.8400651504208362,1
video118.webm,0.8913585101268374,1
video1180.webm,0.8719642893239112,1
video1187.webm,0.8353189001468528,1
video1206.webm,0.8764844966019717,1
video1209.webm,0.7928476864294026,1
video1218.webm,0.8874718342059106,1
video1226.webm,0.826542762910136,1
video1227.webm,0.8918609542657534,1
video1232.webm,0.8890440466370741,1
video1237.webm,0.9125588159862136,1
video1240.webm,0.8234528154053984,1
video1248.webm,0.8348437763088963,1
video1252.webm,0.8023835361230076,1
video1262.webm,0.8867070694294003,1
video1268.webm,0.8820314537436464,1
video1269.webm,0.8640607815873464,1
video127.webm,0.8040054586246974,1
video1271.webm,0.7898689654250639,1
video1276.webm,0.8895191173705129,1
video1279.webm,0.8194819014827598,1
video1287.webm,0.8662680566283159,1
video1292.webm,0.8453865954633298,1
video1302.webm,0.8705846689795318,1
video1303.webm,0.8195903680365936,1
video1304.webm,0.866172207133926,1
video1306.webm,0.7472190841915421,1
video1308.webm,0.8634735850237317,1
video1313.webm,0.8964924928932071,1
video1314.webm,0.9076014224603418,1
video1316.webm,0.8616664001119785,1
video1318.webm,0.8347297979736469,1
video1320.webm,0.782624025014204,1
video1323.webm,0.8823990052914179,1
video1326.webm,0.8389309013835495,1
video1327.webm,0.9295855978063917,1
video1331.webm,0.8443376651960891,1
video1334.webm,0.8580811289406582,1
video1339.webm,0.8760047017186584,1
video134.webm,0.8258604907362251,1
video1344.webm,0.8415500968529893,1
video1349.webm,0.8530066615568268,1
video135.webm,0.8611154809054334,1
video1350.webm,0.8687409820583828,1
video1360.webm,0.8741643993165523,1
video1361.webm,0.8720190627368647,1
video1362.webm,0.8742514779748752,1
video1370.webm,0.8682597249054387,1
video1372.webm,0.9102466321801065,1
video1374.webm,0.8800039060107073,1
video1376.webm,0.8824815056481394,1
video1379.webm,0.9042244247374148,1
video1381.webm,0.756022928543906,1
video1384.webm,0.874589717597062,1
video139.webm,0.8039507467682907,1
video1390.webm,0.9253134912798878,1
video1391.webm,0.9086963673214364,1
video1396.webm,0.8435571208212709,1
video14.webm,0.850388629820839,1
video1400.webm,0.8078637815138183,1
video1418.webm,0.8893690025289802,1
video1424.webm,0.8819550542927602,1
video1425.webm,0.8716100436002302,1
video144.webm,0.8710124811727834,1
video1442.webm,0.8499339583033775,1
video1448.webm,0.8409617169686123,1
video1450.webm,0.8682325738862434,1
video1468.webm,0.8824827268928508,1
video1469.webm,0.8755214452728474,1
video147.webm,0.8900988541456134,1
video1475.webm,0.886800826682272,1
video148.webm,0.8109750807848248,1
video1495.webm,0.8554111914390685,1
video15.webm,0.8841774033846218,1
video1500.webm,0.8856339605048897,1
video1501.webm,0.8924184285225324,1
video1512.webm,0.8978674394397369,1
video152.webm,0.8826630394193249,1
video1520.webm,0.8230798331132771,1
video1521.webm,0.8838271259894611,1
video1523.webm,0.9081242868998668,1
video1532.webm,0.8710477479476383,1
video1545.webm,0.8205907582468571,1
video1552.webm,0.8748280794149413,1
video1557.webm,0.7703571724254634,1
video1566.webm,0.8362536120931894,1
video1567.webm,0.882383307891245,1
video1568.webm,0.8921476815351517,1
video1577.webm,0.8380722554657978,1
video1578.webm,0.8594253117148024,1
video1579.webm,0.8480687700410223,1
video1582.webm,0.9010768620266376,1
video1585.webm,0.9141168392433555,1
video1587.webm,0.8590201996996352,1
video1588.webm,0.7752231568049407,1
video1589.webm,0.8915208923467665,1
video1616.webm,0.8495536077426328,1
video1617.webm,0.8401153225196953,1
video1620.webm,0.8763873237466164,1
video1621.webm,0.762188368601599,1
video1622.webm,0.870121883355691,1
video1623.webm,0.8942316933780072,1
video1624.webm,0.846444657790992,1
video1626.webm,0.838168512792276,1
video1635.webm,0.8229441024611682,1
video1641.webm,0.8499559046701842,1
video1650.webm,0.8801627280058641,1
video1651.webm,0.8852352592341938,1
video1653.webm,0.8399977218030413,1
video1659.webm,0.8709461740356629,1
video1666.webm,0.8152544851894735,1
video1668.webm,0.9021716748245023,1
video1671.webm,0.873091899774008,1
video169.webm,0.7681654625085076,1
video1692.webm,0.8859508120395098,1
video1706.webm,0.8501060777712002,1
video1710.webm,0.7892063072096452,1
video1712.webm,0.9030596613964594,1
video1713.webm,0.8022783866088309,1
video1720.webm,0.8443720147457241,1
video1723.webm,0.875695430357313,1
video1726.webm,0.8928773631667628,1
video1728.webm,0.8783192209919077,1
video174.webm,0.8563795732060637,1
video1752.webm,0.8856998204759611,1
video1754.webm,0.8792185508057659,1
video1773.webm,0.8799455818381737,1
video1775.webm,0.8411620863783669,1
video1776.webm,0.8865264412505489,1
video1783.webm,0.865414395188886,1
video1787.webm,0.8524872193705403,1
video1788.webm,0.6913247853014433,1
video1791.webm,0.843994338245647,1
video1792.webm,0.8181017266603108,1
video1796.webm,0.8408624975239856,1
video1798.webm,0.8682280287562036,1
video1808.webm,0.8753905723560323,1
video181.webm,0.8988560839237222,1
video1816.webm,0.8720122987104729,1
video1820.webm,0.8735062449081211,1
video1831.webm,0.9063553771164388,1
video1836.webm,0.880242813320963,1
video1840.webm,0.8675549289419787,1
video1842.webm,0.7776880607672993,1
video1845.webm,0.8116099004418481,1
video1853.webm,0.882550633191376,1
video1856.webm,0.845992492147297,1
video1870.webm,0.8594695134988932,1
video1875.webm,0.9133959220469963,1
video1876.webm,0.8666639334496699,1
video1890.webm,0.8427611529229981,1
video1892.webm,0.8208825946956588,1
video1902.webm,0.8343291934266287,1
video1910.webm,0.8066750917863477,1
video1917.webm,0.7024660962361954,1
video1925.webm,0.7954880187880662,1
video1927.webm,0.8868131152848253,1
video1930.webm,0.8449798407261552,1
video1932.webm,0.8177310717602422,1
video1935.webm,0.9115774019086734,1
video194.webm,0.8529987133415731,1
video1945.webm,0.8802895604187367,1
video1949.webm,0.9163888931827269,1
video1959.webm,0.8976144341889989,1
video197.webm,0.7612876687934891,1
video1970.webm,0.8465623947145865,1
video1972.webm,0.8038869848941308,1
video1978.webm,0.8911367711473093,1
video1987.webm,0.8909427979328088,1
video1992.webm,0.8670741939905648,1
video1994.webm,0.870170898021846,1
video2.webm,0.8643385972711584,1
video2000.webm,0.8713469083114243,1
video2006.webm,0.7459497011030358,1
video2007.webm,0.7658700020015635,1
video2010.webm,0.8988540845338562,1
video2015.webm,0.7922392048238319,1
video2017.webm,0.8271247935366729,1
video202.webm,0.8617615326162966,1
video2021.webm,0.8221206463031385,1
video2023.webm,0.8644825081622319,1
video2039.webm,0.9131310865139667,1
video204.webm,0.8406538111875802,1
video2040.webm,0.8801866947794534,1
video2043.webm,0.8104670838706834,1
video2047.webm,0.7390614629464298,1
video2048.webm,0.7301117276678563,1
video2053.webm,0.8399178228263168,1
video2056.webm,0.8809384492351777,1
video2057.webm,0.8301620914873467,1
video2067.webm,0.8272358415857646,1
video2080.webm,0.8678552153318522,1
video2081.webm,0.8464584658902473,1
video2083.webm,0.8238775848534691,1
video2084.webm,0.897016301562033,1
video2085.webm,0.8347138725238744,1
video2090.webm,0.8553255125775566,1
video2092.webm,0.8428072333017254,1
video2094.webm,0.9223427711932891,1
video2096.webm,0.9001708816621858,1
video2099.webm,0.8794605969552093,1
video2102.webm,0.8433079593307266,1
video2109.webm,0.9067446032132604,1
video2110.webm,0.912619367070082,1
video2113.webm,0.7428306749231339,1
video2123.webm,0.8425021332843143,1
video213.webm,0.8095008598915985,1
video2134.webm,0.8566509421541464,1
video2139.webm,0.895185213259076,1
video2142.webm,0.8681806710965014,1
video2154.webm,0.8083923360103731,1
video2158.webm,0.8990243676683451,1
video2160.webm,0.9074475955958375,1
video2161.webm,0.8911389106069911,1
video2164.webm,0.8241605442090657,1
video2167.webm,0.883968197024981,1
video2170.webm,0.9196543093112188,1
video2174.webm,0.8380695702709533,1
video219.webm,0.846212659952376,1
video2194.webm,0.8068111000976022,1
video2195.webm,0.8180508840635133,1
video2196.webm,0.8297084567650109,1
video2198.webm,0.8472522079125114,1
video2204.webm,0.8421971852228265,1
video2216.webm,0.889914270874097,1
video2219.webm,0.8683285731019644,1
video2225.webm,0.8968044955141187,1
video2229.webm,0.7901005591768508,1
video2230.webm,0.8809653821965021,1
video2231.webm,0.9243041085197807,1
video2241.webm,0.9057001828070756,1
video2243.webm,0.9001523989256105,1
video2247.webm,0.8348456831693952,1
video226.webm,0.863348679055438,1
video2265.webm,0.862346925620193,1
video2269.webm,0.8743225523652219,1
video2271.webm,0.8876145852499489,1
video2277.webm,0.8748582638743884,1
video2279.webm,0.8260672991464523,1
video2281.webm,0.9035667552872138,1
video2287.webm,0.8578898630736798,1
video2288.webm,0.8720204289597506,1
video229.webm,0.8945533317629821,1
video2294.webm,0.8703296707571359,1
video2299.webm,0.8907706146575911,1
video230.webm,0.8835396409350572,1
video2305.webm,0.8768275967276903,1
video2307.webm,0.8535317786547278,1
video2313.webm,0.8662624344934003,1
video232.webm,0.9110604558535339,1
video2320.webm,0.8690539389168536,1
video2331.webm,0.8386178158952436,1
video2333.webm,0.9056064467982755,1
video2338.webm,0.8716320029993262,1
video2346.webm,0.8897021475989262,1
video235.webm,0.8285326056342187,1
video2350.webm,0.8772916500211895,1
video2366.webm,0.8404875817927644,1
video2368.webm,0.9083056219784431,1
video2371.webm,0.8141103935583374,1
video2378.webm,0.8836384647423868,1
video2384.webm,0.8818595677920116,1
video2390.webm,0.8736333771561127,1
video2392.webm,0.8853815063644607,1
video24.webm,0.711936695909823,1
video2401.webm,0.8781829914496491,1
video2407.webm,0.825186845455785,1
video2409.webm,0.8804001807317684,1
video2415.webm,0.8614963925910933,1
video2416.webm,0.8376799049932391,1
video2417.webm,0.7954414613332487,1
video242.webm,0.8728667794812349,1
video2427.webm,0.8809470975790057,1
video2428.webm,0.8908558676417571,1
video2439.webm,0.8094340849090186,1
video2442.webm,0.8727551684177467,1
video2451.webm,0.8559987067337725,1
video2452.webm,0.8794459358715283,1
video246.webm,0.8365646760636505,1
video2462.webm,0.8957354580728805,1
video2465.webm,0.8744577110374145,1
video2468.webm,0.903860905303327,1
video2481.webm,0.8409758444503153,1
video2487.webm,0.808254994369453,1
video2493.webm,0.8840320665659905,1
video2503.webm,0.919735410937734,1
video2504.webm,0.8920810734268575,1
video2506.webm,0.8419864187998436,1
video2510.webm,0.8146301090249295,1
video2511.webm,0.8583436364804691,1
video2518.webm,0.8863232855151063,1
video252.webm,0.8648574590519339,1
video2521.webm,0.8136418532727756,1
video2522.webm,0.8424052858512068,1
video2526.webm,0.8525048251749938,1
video2534.webm,0.8450942635275639,1
video2537.webm,0.8744371926965591,1
video2544.webm,0.927500381733545,1
video2560.webm,0.7541553770000317,1
video2563.webm,0.8875191154902292,1
video2565.webm,0.9081960217754601,1
video2572.webm,0.8480921217867629,1
video2577.webm,0.7960176018069789,1
video2578.webm,0.8787364788665526,1
video2579.webm,0.8232387789322743,1
video2590.webm,0.781822078831657,1
video2595.webm,0.8495661120832182,1
video2606.webm,0.920116317282514,1
video2611.webm,0.8539638624299297,1
video2612.webm,0.7593824051296578,1
video2617.webm,0.9041654797912019,1
video262.webm,0.7740671553458072,1
video2624.webm,0.8614543062652876,1
video2626.webm,0.8957385797285456,1
video263.webm,0.8911663369182281,1
video2631.webm,0.8703352529592034,1
video2633.webm,0.9077267899692515,1
video264.webm,0.8673433528110229,1
video2644.webm,0.9035873722670915,1
video2648.webm,0.858144269399973,1
video2657.webm,0.8071065492649201,1
video266.webm,0.8456904556134726,1
video2661.webm,0.8833490416795268,1
video2662.webm,0.924930284496355,1
video2675.webm,0.8135337932079917,1
video2676.webm,0.9123715852717846,1
video2679.webm,0.8992753625480076,1
video268.webm,0.8863173654092228,1
video2683.webm,0.8875186312571138,1
video2692.webm,0.8405852924275079,1
video2697.webm,0.8720301244937667,1
video2698.webm,0.8749760380139834,1
video2699.webm,0.9115010986566889,1
video270.webm,0.8239346671852879,1
video2716.webm,0.8904995608789927,1
video2720.webm,0.8937118011063464,1
video2721.webm,0.8913084990295616,1
video2723.webm,0.8897950347483741,1
video2725.webm,0.8591140968463262,1
video2730.webm,0.8515943051662395,1
video2735.webm,0.8782874714703797,1
video2746.webm,0.8450659951018206,1
video2751.webm,0.8439417043655802,1
video2752.webm,0.7985808414423929,1
video2753.webm,0.9024900811866794,1
video2754.webm,0.8785626882736167,1
video2766.webm,0.8842027935316288,1
video2768.webm,0.870017617536589,1
video2776.webm,0.894048208618616,1
video2778.webm,0.8860526234891963,1
video2783.webm,0.8102423658615399,1
video2790.webm,0.9038046474941709,1
video2795.webm,0.8155891692957032,1
video2806.webm,0.8907047978187358,1
video2810.webm,0.8357316037250735,1
video2814.webm,0.8859941804476655,1
video2815.webm,0.7663329754457672,1
video2818.webm,0.8675744484449316,1
video2820.webm,0.8820306023142571,1
video2822.webm,0.8852622072973025,1
video2824.webm,0.8894224661048812,1
video2837.webm,0.8976589356713212,1
video2842.webm,0.8880350868912694,1
video2847.webm,0.8741447049127069,1
video285.webm,0.8824512164193142,1
video2851.webm,0.8869628823055558,1
video2852.webm,0.8962438517096141,1
video2854.webm,0.8270462676946788,1
video2856.webm,0.8397590663401833,1
video2858.webm,0.7671734600221304,1
video286.webm,0.7852636614203734,1
video2864.webm,0.8972550768033737,1
video2870.webm,0.9279083755545858,1
video2872.webm,0.9003920183448914,1
video2873.webm,0.8714525790101308,1
video2877.webm,0.8981213491632145,1
video2885.webm,0.8784554715022002,1
video289.webm,0.8635295367098567,1
video2890.webm,0.9099055064794139,1
video2905.webm,0.8998269376161891,1
video2912.webm,0.8111106803544316,1
video2918.webm,0.9045071758901139,1
video2926.webm,0.8833230111831146,1
video2940.webm,0.8610963395652702,1
video2950.webm,0.8046767643834214,1
video2957.webm,0.8122880140378717,1
video2966.webm,0.8743744516845179,1
video2969.webm,0.8886270094276394,1
video2975.webm,0.8603566903052196,1
video2976.webm,0.859310467410244,1
video2980.webm,0.8542338022100184,1
video2989.webm,0.8937436004763762,1
video2993.webm,0.9101545488462723,1
video2995.webm,0.7101339797199919,1
video3008.webm,0.8724064091148157,1
video3011.webm,0.8875002706128046,1
video3013.webm,0.8106016878493966,1
video3016.webm,0.897426668329369,1
video3017.webm,0.7999179604590838,1
video3027.webm,0.8857713127385497,1
video3033.webm,0.8990552280832926,1
video3034.webm,0.8842114073573796,1
video3038.webm,0.9035233167593623,1
video3045.webm,0.8565716392655163,1
video3052.webm,0.8350472679506842,1
video3064.webm,0.8831880845082047,1
video307.webm,0.8772728298888444,1
video3070.webm,0.9079871053833455,1
video3071.webm,0.7723355583135708,1
video3075.webm,0.8886010102049272,1
video3081.webm,0.8472833849351953,1
video3083.webm,0.7837862489894462,1
video3085.webm,0.8742543880863568,1
video3088.webm,0.8845040120006589,1
video309.webm,0.8670050811843427,1
video3108.webm,0.9482786699654924,1
video3110.webm,0.9031193115224694,1
video3115.webm,0.8108763136937828,1
video312.webm,0.8651153154080532,1
video314.webm,0.8868540605549252,1
video3140.webm,0.9071743089022473,1
video3141.webm,0.9048431113697226,1
video3143.webm,0.8067850372324501,1
video3148.webm,0.8990423164385877,1
video3156.webm,0.9023102523725005,1
video3157.webm,0.8757401931400084,1
video3164.webm,0.7922003717299761,1
video3166.webm,0.8962405083993914,1
video3170.webm,0.8866514420752696,1
video3174.webm,0.9238446749143308,1
video3198.webm,0.8412556035156467,1
video320.webm,0.821848688757698,1
video3203.webm,0.8647569828309729,1
video3209.webm,0.8396237674050534,1
video3210.webm,0.9046961797419358,1
video3219.webm,0.8685840657325528,1
video3222.webm,0.7999956191422974,1
video3226.webm,0.8814984491139697,1
video3228.webm,0.768068742251888,1
video3229.webm,0.9143174691974859,1
video3233.webm,0.8534193838247073,1
video3234.webm,0.878679483965224,1
video3240.webm,0.9138059196321942,1
video3241.webm,0.8960731087576821,1
video3253.webm,0.8400700654082236,1
video3257.webm,0.8829745176376214,1
video3260.webm,0.8930461344565636,1
video3267.webm,0.8815291778276073,1
video3272.webm,0.8151917654263616,1
video3274.webm,0.8741370455433847,1
video3279.webm,0.8948771154742521,1
video328.webm,0.8800261452604737,1
video3289.webm,0.8827680990734882,1
video3290.webm,0.8602705985829386,1
video3293.webm,0.9003066090272789,1
video3295.webm,0.8980595376053905,1
video3296.webm,0.8497385036016554,1
video3298.webm,0.8976797089281567,1
video3300.webm,0.8931988554210464,1
video3302.webm,0.8525254416420844,1
video3303.webm,0.8883920681351122,1
video3306.webm,0.8688964390744851,1
video3310.webm,0.8635708781091169,1
video3312.webm,0.8365438650252206,1
video3320.webm,0.8708595974291878,1
video3326.webm,0.8943153639202784,1
video3332.webm,0.8385761448353309,1
video3336.webm,0.9061318007593884,1
video3337.webm,0.8883150254360197,1
video3342.webm,0.8822510533239911,1
video3345.webm,0.8148417690323535,1
video3347.webm,0.8913448557333176,1
video3349.webm,0.8848890319400128,1
video3350.webm,0.8699187943970909,1
video3355.webm,0.8525686254163108,1
video3356.webm,0.8748992110796461,1
video3360.webm,0.8674141418902346,1
video3364.webm,0.8518823927589237,1
video3366.webm,0.8454236889978337,1
video3369.webm,0.8807428196898616,1
video337.webm,0.9078564502348495,1
video3372.webm,0.8707721589337712,1
video3374.webm,0.8630729557653003,1
video3378.webm,0.8884923753617443,1
video3381.webm,0.8589496593154038,1
video3383.webm,0.8476445913322188,1
video3385.webm,0.9161486568019571,1
video3413.webm,0.8326670036313283,1
video3419.webm,0.868461138604046,1
video3422.webm,0.9008063454810797,1
video3424.webm,0.7719015982075901,1
video3429.webm,0.8879083473865065,1
video343.webm,0.8728225533086967,1
video3432.webm,0.8171066140462858,1
video3437.webm,0.8096320592535804,1
video3438.webm,0.842047028090909,1
video3443.webm,0.7657097460670464,1
video3445.webm,0.8666227906923828,1
video3446.webm,0.8676549321264115,1
video3458.webm,0.8332702218865697,1
video3461.webm,0.8919725577504457,1
video3464.webm,0.887354258654438,1
video3467.webm,0.852089152704969,1
video3469.webm,0.9002526530153638,1
video3473.webm,0.8718915872359934,1
video3475.webm,0.8876411538931848,1
video3483.webm,0.877274000887565,1
video3484.webm,0.8857284898674103,1
video3485.webm,0.8367185628517171,1
video3486.webm,0.8284722664633343,1
video3494.webm,0.8828392020744968,1
video350.webm,0.9083785280246245,1
video3502.webm,0.8503387829137787,1
video3514.webm,0.8503805273998489,1
video3520.webm,0.9120080122083241,1
video3521.webm,0.8444870461515462,1
video3522.webm,0.8096340783119251,1
video3531.webm,0.7259306471176291,1
video3541.webm,0.8594974710351899,1
video3542.webm,0.8839453027802736,1
video3544.webm,0.7290202853485686,1
video3548.webm,0.8911315638606561,1
video3549.webm,0.919308896639281,1
video3550.webm,0.813226033298983,1
video3552.webm,0.8707041699584102,1
video3559.webm,0.8730259481839064,1
video3562.webm,0.8393086216124395,1
video3565.webm,0.868874596357712,1
video3566.webm,0.8428674652116543,1
video3568.webm,0.7998730836171712,1
video3573.webm,0.8492768287274901,1
video3581.webm,0.8863818300406335,1
video3586.webm,0.8432515515679376,1
video3587.webm,0.8749092925788164,1
video3589.webm,0.8473335497240698,1
video3594.webm,0.7865026008823174,1
video360.webm,0.8710860180339158,1
video3600.webm,0.8940991584778314,1
video3609.webm,0.8105705654793045,1
video3615.webm,0.8635238990798174,1
video3621.webm,0.8828403222776842,1
video3623.webm,0.815727523259475,1
video3625.webm,0.8974821850531263,1
video363.webm,0.874050675918546,1
video3630.webm,0.8097156975116279,1
video3633.webm,0.8222117725761792,1
video3638.webm,0.8271920249642112,1
video3640.webm,0.9260243062031541,1
video3644.webm,0.843739678012617,1
video3645.webm,0.7548899115089368,1
video3646.webm,0.8804538788344598,1
video3648.webm,0.869520847219839,1
video3651.webm,0.8563629054433837,1
video3658.webm,0.8928251866790944,1
video3660.webm,0.8225849107555631,1
video3661.webm,0.851787172360295,1
video3670.webm,0.8238857081611972,1
video3671.webm,0.8886328763641266,1
video3674.webm,0.8765430711824043,1
video3678.webm,0.8461800783512157,1
video3681.webm,0.8510342711237866,1
video3684.webm,0.8333602960303016,1
video3687.webm,0.8740450884682844,1
video3689.webm,0.8802987678012012,1
video3695.webm,0.9060332906426165,1
video3703.webm,0.7923480465211543,1
video3706.webm,0.9101315476296626,1
video3708.webm,0.8153481277271205,1
video3709.webm,0.8864803478253921,1
video3716.webm,0.9043135632778405,1
video3722.webm,0.790239111339936,1
video3725.webm,0.8747085485151987,1
video3729.webm,0.7889955258930588,1
video374.webm,0.9190570476865605,1
video3743.webm,0.835080698741037,1
video3744.webm,0.8810895699207205,1
video3753.webm,0.9145823586821131,1
video376.webm,0.852168919673566,1
video3774.webm,0.8577174175132394,1
video3775.webm,0.8905569392375808,1
video3781.webm,0.7928211502236528,1
video3782.webm,0.857174252416651,1
video3796.webm,0.8449301444271733,1
video380.webm,0.9033663634638133,1
video3805.webm,0.890747050762208,1
video3806.webm,0.7888999231609337,1
video3808.webm,0.8729316549137472,1
video3823.webm,0.8834803730358677,1
video3826.webm,0.8473802498549206,1
video3827.webm,0.8219470128698076,1
video383.webm,0.8620434896907976,1
video3830.webm,0.9043851118782289,1
video3841.webm,0.8694355119434167,1
video3848.webm,0.8869167986236648,1
video3856.webm,0.8894010697820185,1
video3865.webm,0.8351606824393544,1
video3870.webm,0.8088524043452425,1
video3875.webm,0.8256534050968343,1
video3876.webm,0.8753915222675352,1
video3878.webm,0.9254625184874428,1
video3879.webm,0.9272889779141915,1
video388.webm,0.8285558815994891,1
video3883.webm,0.8818090701828256,1
video3888.webm,0.8425010704384562,1
video3900.webm,0.8524985272122129,1
video3902.webm,0.8616987285350765,1
video3906.webm,0.8317925296759356,1
video3911.webm,0.8638111940766869,1
video3915.webm,0.8391582344309325,1
video3916.webm,0.8271143459811034,1
video3920.webm,0.8509488817591486,1
video3921.webm,0.858572688067388,1
video3930.webm,0.8221454743512873,1
video3934.webm,0.9199559164410819,1
video3935.webm,0.9054868697146067,1
video3939.webm,0.8837925244484782,1
video3945.webm,0.8981741452267455,1
video3947.webm,0.8956107569001035,1
video3948.webm,0.8588251130705569,1
video3950.webm,0.8955187804268796,1
video3951.webm,0.8727862845468429,1
video3954.webm,0.9032816080951659,1
video3958.webm,0.87335565911252,1
video3959.webm,0.850834806742814,1
video3963.webm,0.8744736627338041,1
video3966.webm,0.8695749414901789,1
video397.webm,0.8466078621936703,1
video3973.webm,0.8367152731722061,1
video3978.webm,0.892490848061642,1
video3987.webm,0.8422603443284871,1
video3990.webm,0.8931409139176385,1
video3992.webm,0.8255037498099472,1
video3996.webm,0.8510579580601049,1
video3998.webm,0.8981753440730367,1
video3999.webm,0.836855772053247,1
video4001.webm,0.8601528354297181,1
video4002.webm,0.8622428048936474,1
video4013.webm,0.8968472521827874,1
video4019.webm,0.8539712549261579,1
video4021.webm,0.8753124299419929,1
video4023.webm,0.9176013999507163,1
video4025.webm,0.8377861611945516,1
video4027.webm,0.8674277961634702,1
video4034.webm,0.8785582162945765,1
video4036.webm,0.8323882187705369,1
video4037.webm,0.878324707415404,1
video4038.webm,0.9134702347258402,1
video4041.webm,0.8580909214551218,1
video4042.webm,0.9174755471954977,1
video4048.webm,0.7899747947388671,1
video4053.webm,0.8950409049610419,1
video406.webm,0.8676153179661772,1
video4072.webm,0.784126213011793,1
video4073.webm,0.9150008534227817,1
video4076.webm,0.8760173279806435,1
video4084.webm,0.9281965013157594,1
video4090.webm,0.868693595040882,1
video4093.webm,0.7946099066113677,1
video4096.webm,0.888845358206021,1
video4102.webm,0.892263204499278,1
video4105.webm,0.8694632801159473,1
video4112.webm,0.8779041625608971,1
video4114.webm,0.8872744877889002,1
video4115.webm,0.8825951500846191,1
video4126.webm,0.9141151453896275,1
video4127.webm,0.8322619750495467,1
video4132.webm,0.8973365685920124,1
video4133.webm,0.8900732678705352,1
video4134.webm,0.8223530887468681,1
video4137.webm,0.8943344792632015,1
video414.webm,0.8906522087424303,1
video4146.webm,0.8849250792768908,1
video415.webm,0.873585659106873,1
video4151.webm,0.8923186430937746,1
video4166.webm,0.8327168893698624,1
video4167.webm,0.8935960340747628,1
video4176.webm,0.8157965686409755,1
video4177.webm,0.8380831013646275,1
video4181.webm,0.9124431047216727,1
video4188.webm,0.8399704762913726,1
video4197.webm,0.8891994924897836,1
video4199.webm,0.87009236555266,1
video42.webm,0.8840007972281682,1
video420.webm,0.7960894889709247,1
video4201.webm,0.8768605125170077,1
video4215.webm,0.8658245763319323,1
video422.webm,0.7595083735935627,1
video4221.webm,0.9173016646731954,1
video4222.webm,0.9270542915034437,1
video4225.webm,0.8937373087090004,1
video4232.webm,0.8720220771442343,1
video4234.webm,0.89774801093554,1
video4244.webm,0.8929129745943883,1
video4248.webm,0.8239623943931447,1
video4253.webm,0.7498903305454925,1
video4259.webm,0.7680514021063312,1
video426.webm,0.8876161166790624,1
video4267.webm,0.8875377546221301,1
video4268.webm,0.8934577684527159,1
video427.webm,0.811198637619159,1
video4270.webm,0.8761550520129437,1
video4271.webm,0.848269317119454,1
video4289.webm,0.8555495218947089,1
video429.webm,0.8941887750320915,1
video4290.webm,0.9027871928139506,1
video4300.webm,0.8216149230236096,1
video4301.webm,0.8943300318159305,1
video4304.webm,0.8945602409679272,1
video4311.webm,0.8818189957870707,1
video4313.webm,0.8084072745943734,1
video4317.webm,0.8223767065169227,1
video432.webm,0.8751753630939901,1
video4320.webm,0.8462812648985059,1
video4326.webm,0.8730551934623363,1
video4330.webm,0.8908863102129663,1
video4333.webm,0.8506147128525986,1
video4346.webm,0.843732727622451,1
video4351.webm,0.8874112376694396,1
video436.webm,0.8964219576492171,1
video4361.webm,0.8910645129445686,1
video4362.webm,0.7290984309344056,1
video4364.webm,0.8778070546458864,1
video4366.webm,0.8649266624626022,1
video4367.webm,0.8629594774341459,1
video4372.webm,0.8170567315056912,1
video4377.webm,0.7731511446633393,1
video4383.webm,0.8732929091494381,1
video4384.webm,0.8950799973046066,1
video4395.webm,0.85061756290998,1
video4398.webm,0.9109535321165201,1
video4401.webm,0.8501609423143063,1
video4414.webm,0.8789130310214297,1
video4415.webm,0.9074563221483734,1
video4417.webm,0.8960425234192244,1
video4421.webm,0.8537925568122833,1
video4426.webm,0.8042179629181571,1
video4436.webm,0.8341160265481888,1
video4437.webm,0.8427376193775399,1
video4438.webm,0.8914029355424697,1
video4445.webm,0.8340343225598215,1
video445.webm,0.8571440435035772,1
video4454.webm,0.8249943504969974,1
video4457.webm,0.7885249503636618,1
video4466.webm,0.8974435576482402,1
video4489.webm,0.8621819621142318,1
video4490.webm,0.8643484975105475,1
video450.webm,0.8988381508424674,1
video4502.webm,0.7889133758817619,1
video4509.webm,0.8978638680930359,1
video4514.webm,0.8193549010827453,1
video4517.webm,0.900141126060416,1
video4521.webm,0.8483855190094146,1
video4532.webm,0.8911042928712782,1
video4535.webm,0.8790689261110679,1
video4541.webm,0.8517045025125569,1
video4551.webm,0.8883986418178089,1
video4555.webm,0.884066124619106,1
video4556.webm,0.8827764382159007,1
video4560.webm,0.8905991177112486,1
video4561.webm,0.7931852653522896,1
video457.webm,0.853864727335898,1
video4572.webm,0.8592275001839809,1
video4574.webm,0.913928096261373,1
video4579.webm,0.8610904047904032,1
video4584.webm,0.7956977217705925,1
video4586.webm,0.8971000083793964,1
video4588.webm,0.8698091237398222,1
video4589.webm,0.882677619273905,1
video459.webm,0.8441678354594007,1
video4591.webm,0.8478344812781411,1
video4592.webm,0.8960199154234081,1
video4593.webm,0.8919674139547343,1
video4596.webm,0.8268553932886616,1
video4600.webm,0.8334528565714352,1
video4603.webm,0.8870626165337994,1
video4608.webm,0.8169073932642614,1
video4616.webm,0.8849982004588032,1
video4624.webm,0.89997697355065,1
video4633.webm,0.8379792622691916,1
video4636.webm,0.8719284434481386,1
video4638.webm,0.8280414658580958,1
video4641.webm,0.9018125182152603,1
video4650.webm,0.8817306804083358,1
video4656.webm,0.8822140047677182,1
video4659.webm,0.8522247619960329,1
video466.webm,0.8752185428066568,1
video4665.webm,0.8656410908533164,1
video4669.webm,0.9180897367380733,1
video4672.webm,0.852476720089425,1
video4673.webm,0.8378268476373888,1
video4675.webm,0.6937233901843521,1
video4676.webm,0.8518744542877658,1
video468.webm,0.8325316992005793,1
video4682.webm,0.8645183469249762,1
video4683.webm,0.871027692117908,1
video469.webm,0.8385761990512709,1
video4691.webm,0.9030693257604612,1
video4693.webm,0.8256830391371484,1
video4694.webm,0.8324017490894747,1
video4696.webm,0.8559282590154749,1
video4698.webm,0.7639944401120975,1
video4705.webm,0.859573170292207,1
video471.webm,0.8499463735713673,1
video4711.webm,0.9183731163028493,1
video4713.webm,0.8639018862593797,1
video4724.webm,0.8696002153787867,1
video4727.webm,0.7798618490726883,1
video4728.webm,0.9071554399229386,1
video474.webm,0.8156608616055145,1
video4744.webm,0.8635803944253555,1
video4748.webm,0.7708498608033261,1
video4755.webm,0.8639406507279789,1
video4757.webm,0.8213667287823437,1
video4762.webm,0.8924669970124478,1
video4767.webm,0.908960215117459,1
video4778.webm,0.8559918955195054,1
video4784.webm,0.8958038300243086,1
video4785.webm,0.8910866225615458,1
video4786.webm,0.8909387033404339,1
video4789.webm,0.8618428989205994,1
video4792.webm,0.8547447966264994,1
video4806.webm,0.8767180740697872,1
video482.webm,0.866299064791589,1
video4847.webm,0.8237147416069714,1
video4849.webm,0.8765126726934026,1
video4856.webm,0.8687812629735838,1
video4859.webm,0.9100219913311726,1
video4861.webm,0.8643509270865045,1
video4875.webm,0.8379927546760448,1
video4880.webm,0.8931763156321929,1
video4883.webm,0.8568922461541257,1
video4887.webm,0.8790883549393955,1
video4888.webm,0.8433810428350532,1
video4889.webm,0.8345787514643707,1
video4895.webm,0.8279508112338939,1
video4898.webm,0.8710928231639812,1
video4899.webm,0.81992352361644,1
video490.webm,0.87763285038185,1
video4905.webm,0.9031470815567473,1
video4908.webm,0.9109680028600268,1
video4913.webm,0.8749220575439508,1
video4915.webm,0.8771335836284693,1
video4919.webm,0.8815001038719065,1
video493.webm,0.9066578477598018,1
video4937.webm,0.8770601030756556,1
video4939.webm,0.7327198265526356,1
video4942.webm,0.8155197462528343,1
video4945.webm,0.9132624250000554,1
video4947.webm,0.9048061697844443,1
video4952.webm,0.9053270513897974,1
video4953.webm,0.8785299208478332,1
video4955.webm,0.8425092234298936,1
video4957.webm,0.8946800270471035,1
video4958.webm,0.8646964173200138,1
video4969.webm,0.9088976848304688,1
video4981.webm,0.8788238101653284,1
video4982.webm,0.8855423985524845,1
video4985.webm,0.8681419382590091,1
video4988.webm,0.8721785735868492,1
video5.webm,0.792854912342142,1
video50.webm,0.8903468441599904,1
video5003.webm,0.8483192786433781,1
video5005.webm,0.8670567736270209,1
video5009.webm,0.8931398002505865,1
video5011.webm,0.86131290022721,1
video5014.webm,0.7543063540413856,1
video5021.webm,0.8485269689925159,1
video5027.webm,0.8842409286098698,1
video5035.webm,0.8572765082779459,1
video5040.webm,0.8464812157420384,1
video5046.webm,0.7993503933297346,1
video5052.webm,0.8295768338425905,1
video5053.webm,0.8123639900149525,1
video5054.webm,0.7853424750550111,1
video5057.webm,0.8892796580564467,1
video5065.webm,0.8700212051765229,1
video5067.webm,0.8577129344576815,1
video507.webm,0.8567318164425692,1
video5071.webm,0.9003627219353258,1
video5073.webm,0.8301311722805216,1
video5077.webm,0.8826675966521017,1
video5079.webm,0.8502207460485098,1
video5092.webm,0.8892179357787533,1
video5094.webm,0.8291841605069448,1
video5096.webm,0.8485522303099354,1
video5098.webm,0.9068797679585717,1
video5102.webm,0.8919472502908324,1
video5116.webm,0.8795655325965401,1
video5118.webm,0.8610245936867278,1
video5119.webm,0.8565923406905246,1
video5125.webm,0.8249025063652715,1
video5139.webm,0.8751903845049873,1
video514.webm,0.851381722345238,1
video5148.webm,0.8882031757611563,1
video5149.webm,0.8578062016548039,1
video5152.webm,0.8811417850358411,1
video5175.webm,0.8921504988973223,1
video5180.webm,0.8473250661931122,1
video5188.webm,0.8823983409386628,1
video5190.webm,0.8845640800397554,1
video5191.webm,0.8717563950068423,1
video520.webm,0.8902931035743705,1
video5209.webm,0.8727957201226226,1
video5210.webm,0.8526868763124337,1
video5216.webm,0.8593973417472087,1
video5217.webm,0.8341131138940874,1
video523.webm,0.849321804617412,1
video5236.webm,0.9035533572252319,1
video5256.webm,0.8982609620055763,1
video526.webm,0.8990316891753909,1
video5261.webm,0.8916093354445573,1
video5267.webm,0.848442852469471,1
video527.webm,0.8705759499992951,1
video5273.webm,0.8616722080267192,1
video5276.webm,0.8944715965329735,1
video5277.webm,0.8715086804270806,1
video5278.webm,0.8981451174540618,1
video528.webm,0.849198127399973,1
video5288.webm,0.8674228463159365,1
video5294.webm,0.7887346051971886,1
video5295.webm,0.8784768360694718,1
video5297.webm,0.8833319559261538,1
video5299.webm,0.8676330763754871,1
video5307.webm,0.7525980433903301,1
video5308.webm,0.8259400428807759,1
video5313.webm,0.8112938578754424,1
video5315.webm,0.8409744885436756,1
video5322.webm,0.900824498868831,1
video5324.webm,0.8297552243188174,1
video5325.webm,0.8496826367963155,1
video5333.webm,0.8923135288080226,1
video5335.webm,0.8630358890066476,1
video5347.webm,0.9022826960763074,1
video5353.webm,0.9289575043708528,1
video5356.webm,0.8590647795349047,1
video5366.webm,0.749086569077082,1
video5370.webm,0.7877153817965344,1
video5374.webm,0.8844017541935836,1
video5378.webm,0.8723030384659856,1
video5380.webm,0.8291611673047362,1
video5385.webm,0.9085811471875948,1
video5393.webm,0.8901525777916127,1
video5399.webm,0.8939443061182246,1
video5402.webm,0.863384608765814,1
video5412.webm,0.8430766237131105,1
video5415.webm,0.8743547220641166,1
video5416.webm,0.8891667919470299,1
video5423.webm,0.8840120957657486,1
video5428.webm,0.8248961828702727,1
video5430.webm,0.861739387604075,1
video5431.webm,0.8700227154223376,1
video5449.webm,0.8694129002611096,1
video5463.webm,0.811796503517206,1
video5464.webm,0.8801130803206176,1
video5468.webm,0.8752934133335863,1
video5469.webm,0.895527896872079,1
video5471.webm,0.8600470409789955,1
video5473.webm,0.8802017342572355,1
video5475.webm,0.89122847722655,1
video5485.webm,0.7745293078731506,1
video5492.webm,0.8828478344166182,1
video5493.webm,0.7229856308148869,1
video5499.webm,0.8408885920381807,1
video551.webm,0.8321056881312645,1
video5515.webm,0.8380984021301052,1
video5517.webm,0.8647155542860617,1
video5523.webm,0.8689815083429471,1
video5527.webm,0.8999927302806131,1
video5529.webm,0.8761987025748946,1
video5531.webm,0.8921825771012961,1
video5532.webm,0.8424019477234852,1
video5534.webm,0.8326414886736722,1
video5537.webm,0.8501938028286719,1
video5540.webm,0.8894804792185775,1
video5549.webm,0.8727909397248116,1
video5556.webm,0.8093798060361589,1
video5557.webm,0.8961881934458694,1
video5558.webm,0.8949463786423186,1
video5572.webm,0.8188753968125285,1
video5574.webm,0.8273785291383248,1
video5583.webm,0.8311317252112695,1
video5586.webm,0.8392406410324291,1
video5599.webm,0.9041306653171436,1
video5603.webm,0.7848416423456539,1
video5613.webm,0.8180099564476225,1
video5631.webm,0.8418463735286195,1
video5632.webm,0.7571935854676954,1
video5633.webm,0.823033888451449,1
video5634.webm,0.8040633535574568,1
video5635.webm,0.8110030561023183,1
video5636.webm,0.8512928531298941,1
video5642.webm,0.8241487944954835,1
video5647.webm,0.7889552621402804,1
video5652.webm,0.924416238370827,1
video5659.webm,0.8415125819778099,1
video5672.webm,0.9005090737027907,1
video5680.webm,0.8349117990471996,1
video5683.webm,0.7265443391364892,1
video5690.webm,0.885355742232657,1
video5692.webm,0.905756451979278,1
video5695.webm,0.8725680720247212,1
video570.webm,0.8623621771870893,1
video5708.webm,0.7963315879294006,1
video5714.webm,0.849577682715503,1
video572.webm,0.854748827326098,1
video5726.webm,0.8807278322471043,1
video5727.webm,0.8322827192036577,1
video5728.webm,0.8519230475823665,1
video5732.webm,0.8991898004610851,1
video5735.webm,0.8388076525676044,1
video5738.webm,0.819736253832158,1
video5741.webm,0.8330002371771253,1
video5744.webm,0.8010367103978443,1
video5749.webm,0.9138098672947229,1
video575.webm,0.885432760067328,1
video5752.webm,0.9282256624543811,1
video5774.webm,0.8417127108700315,1
video5782.webm,0.8328584605002415,1
video5787.webm,0.9069505627182194,1
video5789.webm,0.8179840933777275,1
video5792.webm,0.8608520149515874,1
video5795.webm,0.8873060521480192,1
video5796.webm,0.8711079651857119,1
video5798.webm,0.8511054680395349,1
video5803.webm,0.8903514264088442,1
video5814.webm,0.8360720457041695,1
video5820.webm,0.8938086895038844,1
video5827.webm,0.8837773135381488,1
video5830.webm,0.8216185828012776,1
video5834.webm,0.8936600179065461,1
video5836.webm,0.8182205493718188,1
video5839.webm,0.8449292231850045,1
video5844.webm,0.7350048462603552,1
video5847.webm,0.878588515466453,1
video5855.webm,0.9212737035424559,1
video5857.webm,0.7916537005560312,1
video5858.webm,0.818171952985948,1
video5868.webm,0.8102145563622078,1
video5870.webm,0.8301789458596855,1
video5878.webm,0.8473667166036165,1
video588.webm,0.8789817092016511,1
video5882.webm,0.8690029350839148,1
video5885.webm,0.901279990732861,1
video5894.webm,0.8808424873230914,1
video59.webm,0.8885647723764385,1
video5905.webm,0.8501491651347902,1
video5908.webm,0.8681277579779106,1
video5915.webm,0.8549195182610354,1
video5916.webm,0.8563651364969915,1
video5917.webm,0.8342475762274554,1
video5923.webm,0.8814004546959697,1
video5928.webm,0.8295700253514284,1
video5933.webm,0.8459463926724564,1
video5946.webm,0.8165679004099247,1
video595.webm,0.7636356132749599,1
video596.webm,0.8580704736309581,1
video597.webm,0.7977807865386548,1
video5971.webm,0.9037619591401981,1
video5973.webm,0.8821016053197606,1
video5982.webm,0.8697125411252994,1
video5983.webm,0.8337979735567455,1
video5985.webm,0.8453768730300572,1
video5987.webm,0.8897125823283725,1
video5988.webm,0.8666353889909836,1
video5996.webm,0.9016031582391506,1
video5997.webm,0.8702529411499413,1
video5999.webm,0.8628747990283309,1
video6008.webm,0.9110785213760246,1
video601.webm,0.9049792733377993,1
video6014.webm,0.8326742561368717,1
video6020.webm,0.8896988941634861,1
video6023.webm,0.8789286222534166,1
video6025.webm,0.8887627817971809,1
video6029.webm,0.8739120868404578,1
video6035.webm,0.8608287655885625,1
video6045.webm,0.8963780699533704,1
video6046.webm,0.8959166535052705,1
video6053.webm,0.8349579643181421,1
video6066.webm,0.8690710757033719,1
video6070.webm,0.8463880526240406,1
video6078.webm,0.8165403834191244,1
video6082.webm,0.7771274735607472,1
video6083.webm,0.8627507889765598,1
video6085.webm,0.8853951949806631,1
video6090.webm,0.8803060015207367,1
video6101.webm,0.8701669919176318,1
video6108.webm,0.8731797664161821,1
video6113.webm,0.8519851013538702,1
video6118.webm,0.8968910804442274,1
video6124.webm,0.8848712834812246,1
video6125.webm,0.9039945803926148,1
video613.webm,0.9065953641364716,1
video6130.webm,0.8906720305696677,1
video6137.webm,0.7909819305507,1
video6144.webm,0.8311330007229826,1
video6147.webm,0.7527164694612151,1
video6153.webm,0.8455772423058823,1
video6159.webm,0.8420903699934368,1
video6176.webm,0.8762944713145069,1
video6180.webm,0.8862659917047886,1
video6181.webm,0.9088108096293512,1
video6193.webm,0.8929993064960491,1
video6197.webm,0.8724251145571248,1
video6200.webm,0.8484256806861457,1
video6202.webm,0.8509063135781253,1
video6211.webm,0.915599402212096,1
video6217.webm,0.8815221586687902,1
video6220.webm,0.838809476184007,1
video6222.webm,0.7544291899471642,1
video6223.webm,0.8747370786496332,1
video6226.webm,0.8363575728992838,1
video6228.webm,0.8722736125263107,1
video6229.webm,0.8338216894187146,1
video6238.webm,0.8819923096933171,1
video6241.webm,0.8668457732899839,1
video6242.webm,0.8506320374789341,1
video6249.webm,0.8689745405054299,1
video6251.webm,0.8681587430380155,1
video6253.webm,0.9006298752261686,1
video6259.webm,0.8833301150456886,1
video6263.webm,0.8315242553837845,1
video6267.webm,0.8835578245570318,1
video6273.webm,0.8752310917987333,1
video6274.webm,0.863007048227135,1
video6282.webm,0.8389489908398866,1
video6283.webm,0.9114540892332362,1
video6287.webm,0.9250242713444798,1
video6292.webm,0.8510802768363437,1
video630.webm,0.9111266363632095,1
video6300.webm,0.7512636809518389,1
video6301.webm,0.9025502911775174,1
video6302.webm,0.8873653507872749,1
video6308.webm,0.8481120284160315,1
video6314.webm,0.8307669296445712,1
video6327.webm,0.9042906408070661,1
video6334.webm,0.9110645251182502,1
video6341.webm,0.852519220530535,1
video6345.webm,0.8864053731113525,1
video6355.webm,0.8657862702191537,1
video6360.webm,0.8083217206846681,1
video6364.webm,0.8368285369637598,1
video6365.webm,0.873584902473819,1
video6367.webm,0.8832714543082265,1
video6369.webm,0.8805435800277353,1
video637.webm,0.7890536901937852,1
video6371.webm,0.8699587153194841,1
video6372.webm,0.8640734770249534,1
video6374.webm,0.8141866757182179,1
video6375.webm,0.8946603560700631,1
video6383.webm,0.8779798200491784,1
video6384.webm,0.8622393297428628,1
video6389.webm,0.8478528431755559,1
video6394.webm,0.8953895511453717,1
video64.webm,0.8388992290259618,1
video6405.webm,0.9092763784796285,1
video6411.webm,0.8742541917108343,1
video6414.webm,0.8099587741724013,1
video6417.webm,0.8960966735997912,1
video6424.webm,0.8985733012810999,1
video6428.webm,0.8061211743678609,1
video6430.webm,0.9017650162414506,1
video6435.webm,0.7160655524852001,1
video6443.webm,0.7839506812986405,1
video6445.webm,0.8794083809389237,1
video6449.webm,0.9166927024156301,1
video645.webm,0.8791891774401512,1
video6451.webm,0.8579081214397931,1
video6455.webm,0.8271449139713253,1
video6459.webm,0.7772641612354059,1
video6464.webm,0.8313976599320201,1
video6468.webm,0.8733518666028753,1
video6469.webm,0.8553112821747568,1
video6471.webm,0.8325071382736875,1
video6472.webm,0.9062258405655372,1
video6482.webm,0.8642541376324585,1
video6487.webm,0.8747084227891897,1
video6490.webm,0.9204527962253852,1
video6495.webm,0.8950619524911174,1
video6497.webm,0.713863785970038,1
video6500.webm,0.8533718497672071,1
video6511.webm,0.7596031905288941,1
video6513.webm,0.9000769038703769,1
video6514.webm,0.8618209133471554,1
video6520.webm,0.8466890475695634,1
video6522.webm,0.9028288151715567,1
video6529.webm,0.9231526649997499,1
video653.webm,0.8539798927315838,1
video6548.webm,0.8396623276086105,1
video6549.webm,0.8392691529251346,1
video655.webm,0.8998553742082882,1
video6553.webm,0.8019087942680341,1
video6571.webm,0.8152457161197333,1
video6575.webm,0.9003368560752073,1
video658.webm,0.7569818559117415,1
video6580.webm,0.8777870116698702,1
video659.webm,0.8948176698135683,1
video6597.webm,0.9165565746622518,1
video6603.webm,0.8244984042632432,1
video6605.webm,0.729649322696821,1
video6606.webm,0.7661699570296912,1
video6612.webm,0.8872675969920039,1
video6614.webm,0.8536826398302811,1
video6615.webm,0.7379345815444848,1
video6620.webm,0.8352148762631766,1
video6631.webm,0.8344833772958763,1
video6636.webm,0.829002610150343,1
video6638.webm,0.8498176753868679,1
video6642.webm,0.8668921588026965,1
video6644.webm,0.8605642239414971,1
video6653.webm,0.8691724724617271,1
video6657.webm,0.8651780245393474,1
video666.webm,0.8577180575176612,1
video6665.webm,0.7982809112972419,1
video6666.webm,0.8822775423563537,1
video6679.webm,0.8926114321970026,1
video6685.webm,0.8652000570441485,1
video6693.webm,0.853166713443926,1
video6697.webm,0.8940632120550842,1
video6698.webm,0.8405957533348534,1
video670.webm,0.814679899750878,1
video6701.webm,0.8214467358605959,1
video6705.webm,0.8432905097920491,1
video6709.webm,0.8726892696661216,1
video6715.webm,0.8206266422449652,1
video6720.webm,0.8135217698270417,1
video6723.webm,0.8956315330889866,1
video6724.webm,0.8399498675956115,1
video6729.webm,0.8794439057970724,1
video673.webm,0.8660339034900179,1
video6732.webm,0.8907041821727988,1
video6738.webm,0.757164954630216,1
video6739.webm,0.8519398954353099,1
video6744.webm,0.8689547406315646,1
video6750.webm,0.8445860917780112,1
video6758.webm,0.888444180244974,1
video6761.webm,0.8114500460399201,1
video6768.webm,0.880287146605478,1
video6770.webm,0.8435420706283856,1
video6774.webm,0.832873834434507,1
video6775.webm,0.8398488628073764,1
video6778.webm,0.9157598520942769,1
video6787.webm,0.9106487648696969,1
video6805.webm,0.8999248130210324,1
video6818.webm,0.8449575693645377,1
video6821.webm,0.8736319447297449,1
video6824.webm,0.8457689966456484,1
video6827.webm,0.8877779599902691,1
video6835.webm,0.8231122325928705,1
video6837.webm,0.856011645254291,1
video6838.webm,0.8596050041303913,1
video6840.webm,0.8892198801256701,1
video6843.webm,0.8175731687587837,1
video6848.webm,0.8956669505755966,1
video685.webm,0.824642192889404,1
video6855.webm,0.8806865438209,1
video6857.webm,0.8764849038672085,1
video6867.webm,0.8844226518623935,1
video6868.webm,0.8139077402866908,1
video6874.webm,0.87413527815127,1
video6881.webm,0.8849194399791765,1
video6884.webm,0.7827834511226437,1
video6892.webm,0.8933446772992043,1
video6902.webm,0.8760051525603088,1
video6906.webm,0.9028973604778351,1
video691.webm,0.8751842794303388,1
video6916.webm,0.8781058791706541,1
video693.webm,0.86237223584611,1
video6930.webm,0.8879308708833773,1
video6938.webm,0.9090215608005697,1
video694.webm,0.8520641736322254,1
video6943.webm,0.8383033555793584,1
video6944.webm,0.8068518932611242,1
video6957.webm,0.8976476056168821,1
video6963.webm,0.8913297149812685,1
video6967.webm,0.9061168955461069,1
video6969.webm,0.8859747883677402,1
video6971.webm,0.8889308379989969,1
video6972.webm,0.8858007549698572,1
video698.webm,0.8972935926342,1
video6980.webm,0.8368811276131122,1
video6982.webm,0.8689880790560314,1
video6986.webm,0.8693199653173375,1
video6987.webm,0.8799197148391988,1
video6995.webm,0.9029363229499962,1
video6997.webm,0.8601629619480032,1
video7.webm,0.8747089893046686,1
video70.webm,0.8799684582164722,1
video700.webm,0.8534630026868409,1
video7000.webm,0.8648776854459631,1
video7014.webm,0.893376665278741,1
video7019.webm,0.9076103963033751,1
video702.webm,0.8742763940826946,1
video7020.webm,0.8567310581171909,1
video7032.webm,0.8298678452175453,1
video7035.webm,0.8698784519031099,1
video7036.webm,0.8163399004074844,1
video7039.webm,0.8918060549694283,1
video7049.webm,0.8527549889282371,1
video7053.webm,0.90625201808287,1
video7054.webm,0.8656396877322368,1
video7055.webm,0.9100624412768396,1
video706.webm,0.8673090506204181,1
video7062.webm,0.840468042497449,1
video7068.webm,0.9120773416919601,1
video707.webm,0.8767836515683978,1
video7075.webm,0.8811116398144663,1
video7076.webm,0.8771469130900564,1
video7092.webm,0.8839835752868288,1
video71.webm,0.875157424260645,1
video710.webm,0.9019389740729014,1
video7107.webm,0.8832646749413611,1
video7111.webm,0.8824586708954492,1
video7120.webm,0.8843328052019556,1
video7123.webm,0.9004791410333939,1
video7124.webm,0.8781366099452277,1
video7130.webm,0.8888107663284455,1
video7137.webm,0.9070894058197794,1
video7139.webm,0.8705749632368983,1
video714.webm,0.8751873446268824,1
video7158.webm,0.8313337577807132,1
video7169.webm,0.8484379793967671,1
video7171.webm,0.9210416944496759,1
video7178.webm,0.888162625194936,1
video7182.webm,0.8180767264995716,1
video7186.webm,0.8333016887983997,1
video7187.webm,0.8802450663269946,1
video7190.webm,0.8681252394782545,1
video7212.webm,0.9334665862463285,1
video7228.webm,0.8832987585141745,1
video7232.webm,0.8806404092642555,1
video7234.webm,0.909135094430189,1
video7236.webm,0.806260728494003,1
video7247.webm,0.9357707833475698,1
video7252.webm,0.7361017034982632,1
video7254.webm,0.8956277578668205,1
video7268.webm,0.8859802206346918,1
video7272.webm,0.8375142696867579,1
video7277.webm,0.8719395394928624,1
video7280.webm,0.8648159612017611,1
video7282.webm,0.8463372621472975,1
video7284.webm,0.8761657620878702,1
video7294.webm,0.9155907375293709,1
video7316.webm,0.8725032963795768,1
video7323.webm,0.8445295904376705,1
video7326.webm,0.8844771789663821,1
video7327.webm,0.8498710922629238,1
video7330.webm,0.8739814071499856,1
video7332.webm,0.8526697990043687,1
video7340.webm,0.8983712612065617,1
video7353.webm,0.9125082117909622,1
video7354.webm,0.8659843909960304,1
video7356.webm,0.8318416425865411,1
video7357.webm,0.8708831702192609,1
video7366.webm,0.8745598110905207,1
video7368.webm,0.8215963440844883,1
video7369.webm,0.8459668149213169,1
video7371.webm,0.8866103163527106,1
video7379.webm,0.8918215865536764,1
video7384.webm,0.8028134369008754,1
video739.webm,0.9174641842111537,1
video7393.webm,0.8579512128011076,1
video7395.webm,0.8945561558188692,1
video7403.webm,0.8561639135077774,1
video7412.webm,0.9025368686285838,1
video7413.webm,0.9124501730374565,1
video7418.webm,0.839389621767104,1
video7420.webm,0.8749629489858838,1
video7425.webm,0.8619703684133938,1
video7430.webm,0.8872099346777608,1
video7440.webm,0.8839560728634462,1
video7441.webm,0.8750339121653908,1
video7449.webm,0.7518346536917909,1
video7450.webm,0.8507563813038991,1
video7455.webm,0.7628155670873618,1
video7459.webm,0.7602828349369242,1
video7460.webm,0.8085018527125717,1
video7464.webm,0.8302086105222277,1
video7467.webm,0.8828693734118735,1
video7476.webm,0.8889382504506986,1
video748.webm,0.8753295700794165,1
video7482.webm,0.8385635699165562,1
video7484.webm,0.8555771585871481,1
video7487.webm,0.9084351247783771,1
video7490.webm,0.9114901033434822,1
video7501.webm,0.8760135554571988,1
video7509.webm,0.8740876043024075,1
video7512.webm,0.8704149799867246,1
video7514.webm,0.8749066307625812,1
video7529.webm,0.8911118088112906,1
video7537.webm,0.8870253191629769,1
video7547.webm,0.8886822546623669,1
video7551.webm,0.8179269878908857,1
video7553.webm,0.8492771253967252,1
video7557.webm,0.8345794679856079,1
video7559.webm,0.8272235656962712,1
video756.webm,0.9060850862638419,1
video7561.webm,0.908241261312346,1
video7564.webm,0.876996237547267,1
video7570.webm,0.8793306923264107,1
video7577.webm,0.9191391452447341,1
video7583.webm,0.8997751432626924,1
video7586.webm,0.9084520276953888,1
video7594.webm,0.8923954156321845,1
video7595.webm,0.9082435024937101,1
video7601.webm,0.8762856616729728,1
video7620.webm,0.8959835806830558,1
video7622.webm,0.8826674409636511,1
video7623.webm,0.8808228501053167,1
video7630.webm,0.8750446212975928,1
video7639.webm,0.8542443100118179,1
video7645.webm,0.8033097455314722,1
video7653.webm,0.8415052573457558,1
video7658.webm,0.8119376508999816,1
video766.webm,0.8846660526277823,1
video7663.webm,0.8955534819961268,1
video7666.webm,0.9048531012695278,1
video7668.webm,0.813453164486697,1
video768.webm,0.9011173089475839,1
video7684.webm,0.8977547715189597,1
video7685.webm,0.8784938401078988,1
video7693.webm,0.8711633654943531,1
video7695.webm,0.8637860826912642,1
video7700.webm,0.881199070770893,1
video7708.webm,0.8397535595275576,1
video7709.webm,0.8730815568862004,1
video7712.webm,0.8618003059787814,1
video772.webm,0.7851805569314407,1
video7727.webm,0.9191403181024755,1
video7730.webm,0.8750943269617877,1
video7733.webm,0.8397155018692246,1
video7734.webm,0.8482094609273084,1
video7735.webm,0.7778260254578805,1
video774.webm,0.8057096871348042,1
video7744.webm,0.7631994504580669,1
video7747.webm,0.9068183969638081,1
video7750.webm,0.8268760102836761,1
video7755.webm,0.8851976227745871,1
video7764.webm,0.8805691127063928,1
video7765.webm,0.8250314522627079,1
video7766.webm,0.8724364172244228,1
video7767.webm,0.914161443964321,1
video7768.webm,0.8787965554461551,1
video7776.webm,0.8603738174329862,1
video7778.webm,0.8977585629541268,1
video7779.webm,0.8435079282946879,1
video7781.webm,0.8231132087877662,1
video7790.webm,0.8136274810867066,1
video7791.webm,0.8222639556209216,1
video7794.webm,0.9050808403682984,1
video7796.webm,0.8811698016888476,1
video7797.webm,0.8536111867464792,1
video7798.webm,0.8830752692341164,1
video780.webm,0.9129412793271261,1
video7810.webm,0.8617905331718708,1
video7814.webm,0.8668871155646789,1
video7827.webm,0.8859608464476716,1
video7829.webm,0.8642688059394836,1
video7836.webm,0.8930664309789275,1
video784.webm,0.9020573906684449,1
video7843.webm,0.8847378283083116,1
video7845.webm,0.8292442159850133,1
video7847.webm,0.7987240073084629,1
video7850.webm,0.8982324178644168,1
video7855.webm,0.8697908782430657,1
video7857.webm,0.8792256954781045,1
video7859.webm,0.8746234898421151,1
video7860.webm,0.8938675784173694,1
video7864.webm,0.7592394805473468,1
video7866.webm,0.8815666383542674,1
video7870.webm,0.8217502075099601,1
video7871.webm,0.8640291742931341,1
video7876.webm,0.8102832689004806,1
video7877.webm,0.8829258322103786,1
video7881.webm,0.8355128728067944,1
video7882.webm,0.8652916078590983,1
video7900.webm,0.8707391308815622,1
video7905.webm,0.8943671839834605,1
video7911.webm,0.8592451409856658,1
video7914.webm,0.9089327424668894,1
video7922.webm,0.8921465134191935,1
video7924.webm,0.92222872898008,1
video7932.webm,0.8566246592000626,1
video7934.webm,0.8607942655122962,1
video7937.webm,0.8926909129297931,1
video7938.webm,0.9176720614316716,1
video7943.webm,0.8836618476690236,1
video7949.webm,0.904249707726948,1
video7950.webm,0.8663968682078047,1
video7960.webm,0.8333987293847106,1
video7965.webm,0.8364831079009241,1
video7966.webm,0.7630655852288013,1
video7968.webm,0.9080846610815855,1
video7971.webm,0.8651255828686006,1
video7974.webm,0.8974131600806089,1
video7978.webm,0.890777235278968,1
video7979.webm,0.9082016834146088,1
video7982.webm,0.8427378081920294,1
video7989.webm,0.8158370957249641,1
video8003.webm,0.8230253917821138,1
video8005.webm,0.8852770453186259,1
video8006.webm,0.8805570610573328,1
video8007.webm,0.872674873357598,1
video8011.webm,0.9096453304199942,1
video8017.webm,0.8829984237046383,1
video802.webm,0.8449717453166905,1
video8020.webm,0.9005329757864445,1
video8025.webm,0.8710574002825642,1
video8031.webm,0.879493468819194,1
video8034.webm,0.7596716438424677,1
video8039.webm,0.8833734632860466,1
video804.webm,0.8857379413250168,1
video8046.webm,0.8478692140182743,1
video8053.webm,0.8481095140628291,1
video8055.webm,0.871624570135819,1
video8070.webm,0.8633698880872507,1
video8083.webm,0.728954824556385,1
video8093.webm,0.8913052176613186,1
video8094.webm,0.8380923571778963,1
video8099.webm,0.8685808353546167,1
video810.webm,0.8822370170481563,1
video8106.webm,0.8892446688945905,1
video8107.webm,0.8548494983939615,1
video8116.webm,0.8840790306218212,1
video8117.webm,0.8139107087094324,1
video8119.webm,0.8708086960592043,1
video8125.webm,0.8644408393043698,1
video8129.webm,0.9013245870172544,1
video8130.webm,0.9070460343180914,1
video8133.webm,0.8706377888625122,1
video8135.webm,0.8302787178704666,1
video8139.webm,0.8837559830490321,1
video8141.webm,0.8200909295916179,1
video8143.webm,0.861071362419833,1
video8144.webm,0.8920584648132627,1
video8148.webm,0.8489592219904974,1
video815.webm,0.8935919587237499,1
video8154.webm,0.91706983878142,1
video8160.webm,0.765274297624455,1
video8164.webm,0.872307293792552,1
video8173.webm,0.8855479200138424,1
video8176.webm,0.8821738946442642,1
video8177.webm,0.8959425143189629,1
video8183.webm,0.8654312136031561,1
video8203.webm,0.8923285967880508,1
video8204.webm,0.911117497769219,1
video8212.webm,0.8254297372530195,1
video8213.webm,0.8672092328256971,1
video822.webm,0.9048806076823047,1
video8223.webm,0.9037692627961472,1
video8232.webm,0.848539561399904,1
video8237.webm,0.9035306975897227,1
video8242.webm,0.8733176983172385,1
video8244.webm,0.8826637104843907,1
video8248.webm,0.9171360927044858,1
video8250.webm,0.8663454980311995,1
video8255.webm,0.7340903786298628,1
video8257.webm,0.8829682591498844,1
video8258.webm,0.8471321037966133,1
video826.webm,0.8608686876875199,1
video8262.webm,0.8253359613527116,1
video8264.webm,0.8375180890970155,1
video8270.webm,0.8326694379247268,1
video8273.webm,0.8251885414073132,1
video8278.webm,0.8766532564297903,1
video8281.webm,0.9164999037596081,1
video8285.webm,0.8999662143879309,1
video8298.webm,0.8838038643309692,1
video8302.webm,0.886385936210626,1
video8307.webm,0.8600499942298672,1
video8312.webm,0.7883003065794458,1
video8315.webm,0.8597815529097392,1
video832.webm,0.8171322660363667,1
video8320.webm,0.8402358876089004,1
video8321.webm,0.8741109516997547,1
video8332.webm,0.8950966268298403,1
video8340.webm,0.8689307959408716,1
video8342.webm,0.8849968985513285,1
video8343.webm,0.8824442401461515,1
video836.webm,0.8888404976158288,1
video8362.webm,0.8461850425203054,1
video8370.webm,0.8591575782692379,1
video8372.webm,0.8639254717932937,1
video8373.webm,0.8703603678481744,1
video8376.webm,0.7860115872527694,1
video8388.webm,0.8197952933179903,1
video8391.webm,0.8425075048641625,1
video8392.webm,0.9007339619918023,1
video8393.webm,0.8319532228479339,1
video8404.webm,0.8477162452636711,1
video8408.webm,0.8516847423444504,1
video841.webm,0.9083839826207377,1
video8411.webm,0.8740363882943338,1
video8412.webm,0.8380771194284447,1
video8413.webm,0.8535287812011427,1
video8416.webm,0.8711648121610329,1
video8417.webm,0.8253132620455887,1
video8418.webm,0.8771224887978054,1
video8419.webm,0.8755570358564195,1
video8424.webm,0.9012535843689792,1
video8431.webm,0.842802238167351,1
video8432.webm,0.8647416867389147,1
video8440.webm,0.8441382100020288,1
video8445.webm,0.9139341449884714,1
video845.webm,0.881057090826458,1
video8450.webm,0.85756176599581,1
video8457.webm,0.8760803480404473,1
video8460.webm,0.8670149191480255,1
video8462.webm,0.8942674458346608,1
video8463.webm,0.8703386129389652,1
video8467.webm,0.7773359309002673,1
video8469.webm,0.7941368114486946,1
video8483.webm,0.8529790069823575,1
video8484.webm,0.7973148732174568,1
video8486.webm,0.8310073816706236,1
video8490.webm,0.8396088323733398,1
video8501.webm,0.7983679082760169,1
video8502.webm,0.8748876853768852,1
video8511.webm,0.8790043349010536,1
video8519.webm,0.8365311614498626,1
video8523.webm,0.8567431866464297,1
video8527.webm,0.7986988738826275,1
video8528.webm,0.9042378617068808,1
video8533.webm,0.8549037780422436,1
video8534.webm,0.8291139928635765,1
video8536.webm,0.8812566358663492,1
video8537.webm,0.8486258864720629,1
video8539.webm,0.876687532801151,1
video854.webm,0.8565327847075719,1
video8540.webm,0.8651883177315751,1
video8541.webm,0.8728186492575574,1
video8548.webm,0.8629544910364798,1
video8555.webm,0.8667473407243523,1
video8559.webm,0.8961240327005517,1
video856.webm,0.8915923928853999,1
video8564.webm,0.8884092412429089,1
video8567.webm,0.9145339079143511,1
video8569.webm,0.9102013861023439,1
video8570.webm,0.8757983616748852,1
video8571.webm,0.8844271017879924,1
video8574.webm,0.8905598205374132,1
video8589.webm,0.8410036217155095,1
video8599.webm,0.8936745480526819,1
video8608.webm,0.8517703306087329,1
video8610.webm,0.9301353850678117,1
video8612.webm,0.9098617942999755,1
video8617.webm,0.8744777807632053,1
video8620.webm,0.848117009012503,1
video8626.webm,0.8829929891713757,1
video8627.webm,0.8798491121745523,1
video863.webm,0.8753047918950145,1
video8634.webm,0.8772017723011275,1
video8639.webm,0.8368065238576928,1
video8645.webm,0.900042048185859,1
video8651.webm,0.7635112478508799,1
video8656.webm,0.8816463771694545,1
video8662.webm,0.8798551247094946,1
video8666.webm,0.8918682966006829,1
video8675.webm,0.8870865854927368,1
video8681.webm,0.8912914304400809,1
video8682.webm,0.878643790808423,1
video8686.webm,0.8914731221241148,1
video8688.webm,0.9046114039742019,1
video8690.webm,0.8873129172186784,1
video8697.webm,0.9042283761064358,1
video8699.webm,0.8366983888940055,1
video8703.webm,0.835551925270587,1
video8706.webm,0.8536191192864928,1
video8707.webm,0.9099978022074886,1
video8712.webm,0.8768249117680973,1
video8715.webm,0.8198687651837169,1
video8716.webm,0.9117513176450249,1
video8721.webm,0.8948019821588709,1
video8728.webm,0.8105699300152828,1
video873.webm,0.8366111711796118,1
video8737.webm,0.7624559998947491,1
video8745.webm,0.8860491140567572,1
video8747.webm,0.8622264136017369,1
video875.webm,0.8249972514520025,1
video876.webm,0.8689090097941545,1
video8761.webm,0.8837960013779818,1
video8767.webm,0.8108558554582856,1
video8769.webm,0.8876736672565404,1
video8773.webm,0.886494687958802,1
video8777.webm,0.8798481373144846,1
video8787.webm,0.8943639519677686,1
video8793.webm,0.8765289218399206,1
video8798.webm,0.8125851253835481,1
video8801.webm,0.8713698576698305,1
video8809.webm,0.8792999234759178,1
video8812.webm,0.89800245306703,1
video882.webm,0.8770348637315879,1
video8823.webm,0.8292400588775913,1
video8824.webm,0.8919677376351782,1
video8831.webm,0.7625972630418171,1
video8832.webm,0.8827649241613292,1
video8836.webm,0.8806847566016571,1
video8839.webm,0.7867470430322372,1
video8841.webm,0.8747908923021503,1
video8844.webm,0.7805776854067918,1
video8847.webm,0.905299166888011,1
video8848.webm,0.808684142723643,1
video8850.webm,0.8812525426062254,1
video8854.webm,0.8704239141655961,1
video8857.webm,0.817995105106364,1
video8864.webm,0.8926659982128162,1
video8867.webm,0.8269232751738723,1
video888.webm,0.879437193027469,1
video8880.webm,0.8653058634549872,1
video8882.webm,0.9095415954403921,1
video8884.webm,0.8793175331924544,1
video8886.webm,0.8845786175022856,1
video8898.webm,0.854243072138257,1
video8899.webm,0.8432937422688613,1
video890.webm,0.7386585683246483,1
video8901.webm,0.8585436569254532,1
video8908.webm,0.8771307073280589,1
video8917.webm,0.7796710124913176,1
video8919.webm,0.8727656082591455,1
video8921.webm,0.8907656327407405,1
video8922.webm,0.8596434346975517,1
video8925.webm,0.8396361360691201,1
video8927.webm,0.8327187288024204,1
video893.webm,0.7693672349206998,1
video8936.webm,0.8862913714540503,1
video8939.webm,0.8595764479586401,1
video894.webm,0.8395103621021239,1
video8941.webm,0.8378562506332904,1
video8943.webm,0.8718040213859894,1
video8947.webm,0.8343904712473069,1
video8951.webm,0.8999285547998003,1
video8958.webm,0.8748722892628089,1
video8966.webm,0.8720502002002171,1
video897.webm,0.9176498825959049,1
video8971.webm,0.913430290096008,1
video8975.webm,0.8226979521510911,1
video8982.webm,0.9039445035151049,1
video8991.webm,0.7805967612320992,1
video8993.webm,0.8540617810358332,1
video8996.webm,0.790307776568141,1
video9.webm,0.7286357937110844,1
video9002.webm,0.8642993847816435,1
video9015.webm,0.7580953693487695,1
video9019.webm,0.9186166296638152,1
video9021.webm,0.8465589590627174,1
video9023.webm,0.9260268933996499,1
video9024.webm,0.8981021898174164,1
video9029.webm,0.8770515075497252,1
video903.webm,0.8885977941573663,1
video9030.webm,0.841025043213751,1
video9036.webm,0.8611044582520486,1
video904.webm,0.8725658349405409,1
video9040.webm,0.8938674959996151,1
video9043.webm,0.8660582699109881,1
video9046.webm,0.8559924467001095,1
video9049.webm,0.9208349714887233,1
video9051.webm,0.8157063448439836,1
video9054.webm,0.8033649623720874,1
video9062.webm,0.8637371274672841,1
video9077.webm,0.8550683336130924,1
video9080.webm,0.9011760466246562,1
video9081.webm,0.8704985814002134,1
video9085.webm,0.855434322290117,1
video9087.webm,0.8633206553590134,1
video9099.webm,0.8169940628424021,1
video91.webm,0.810012373234047,1
video910.webm,0.8107311263478189,1
video9104.webm,0.9111913179969313,1
video911.webm,0.8847678351346993,1
video9111.webm,0.8757474647575529,1
video9122.webm,0.8826529164123106,1
video9124.webm,0.889140093587257,1
video9126.webm,0.8198795308114261,1
video9129.webm,0.9135634477271413,1
video913.webm,0.8882269118911403,1
video9136.webm,0.8678640767461179,1
video9144.webm,0.905744500622009,1
video9146.webm,0.8565824433131531,1
video9148.webm,0.8810692441709824,1
video9149.webm,0.8334335803464225,1
video9154.webm,0.824268410208227,1
video9156.webm,0.7981474508397799,1
video9161.webm,0.9011326615536072,1
video9164.webm,0.864382856485755,1
video9173.webm,0.8980253984504039,1
video9178.webm,0.826954176647068,1
video9182.webm,0.8644558053827829,1
video9189.webm,0.887603483366058,1
video9195.webm,0.8481791808633532,1
video9196.webm,0.8314731230751363,1
video9199.webm,0.8981577102014984,1
video9200.webm,0.8549567670653591,1
video9201.webm,0.8697945410042485,1
video9233.webm,0.8912105042478269,1
video9237.webm,0.8298089174115018,1
video9238.webm,0.9017826240873337,1
video9244.webm,0.8822712069933728,1
video9264.webm,0.8938230614597604,1
video9265.webm,0.8962914366987143,1
video9267.webm,0.8565368738871235,1
video9272.webm,0.8385883774253998,1
video9274.webm,0.9062978396402491,1
video9279.webm,0.8648948373957743,1
video9281.webm,0.8750032193037461,1
video9285.webm,0.8025917694684728,1
video9286.webm,0.8537146541061298,1
video9287.webm,0.8686697434013065,1
video9306.webm,0.8866802162660308,1
video9308.webm,0.8019060715486181,1
video9314.webm,0.8565213073488683,1
video9320.webm,0.8075737373954397,1
video9325.webm,0.8997752979797137,1
video9326.webm,0.8867629480802611,1
video9332.webm,0.8174752190947259,1
video9336.webm,0.8950196070137505,1
video9338.webm,0.910345520348478,1
video9340.webm,0.8949145484794772,1
video9346.webm,0.8932954907184714,1
video935.webm,0.7806079586499689,1
video9351.webm,0.8025000044754405,1
video9352.webm,0.8771152356491452,1
video9355.webm,0.9103225028501427,1
video9363.webm,0.9053074749079453,1
video9364.webm,0.7742396674534133,1
video9378.webm,0.8050076866837742,1
video9383.webm,0.862376245195792,1
video9384.webm,0.8557523312998532,1
video940.webm,0.8753867996190623,1
video9401.webm,0.8600607112439342,1
video9410.webm,0.8103342740060404,1
video9411.webm,0.7588673625209588,1
video9413.webm,0.8334872215037002,1
video9418.webm,0.7055097545496662,1
video9429.webm,0.8538662094965264,1
video9436.webm,0.7927309524431629,1
video944.webm,0.8729847699716233,1
video9442.webm,0.8751856946165726,1
video9444.webm,0.8360262910768333,1
video9447.webm,0.7989115597856122,1
video945.webm,0.8597631108462888,1
video9458.webm,0.8936818317926912,1
video9459.webm,0.9108746870548772,1
video946.webm,0.8858928106930659,1
video9467.webm,0.8849396983647627,1
video9471.webm,0.867460779682099,1
video9482.webm,0.8958947271785381,1
video9489.webm,0.9009716110233862,1
video9491.webm,0.8803925128683634,1
video9494.webm,0.8193525876428069,1
video9498.webm,0.8871530638725291,1
video950.webm,0.8493052300263524,1
video9514.webm,0.8248126363210401,1
video9520.webm,0.890101256911554,1
video9539.webm,0.8716161633473724,1
video9540.webm,0.8814929429716964,1
video955.webm,0.8435338327270678,1
video9563.webm,0.9095919212601458,1
video9569.webm,0.8808566374380725,1
video9570.webm,0.8898123379123248,1
video9578.webm,0.9055743995365564,1
video9579.webm,0.7911953762879703,1
video9580.webm,0.8563433009173665,1
video9581.webm,0.859706340870152,1
video9594.webm,0.895594685369638,1
video9597.webm,0.9114258132400475,1
video9603.webm,0.8618022477412068,1
video9616.webm,0.8030507672552171,1
video9617.webm,0.8648607110195223,1
video9622.webm,0.8286383077602433,1
video9626.webm,0.8094992541329572,1
video9629.webm,0.8198556156500888,1
video9644.webm,0.8863498518046127,1
video9664.webm,0.8276206763527153,1
video9666.webm,0.8900233704039298,1
video9669.webm,0.8741772677620693,1
video9678.webm,0.8093317072981213,1
video968.webm,0.8774442551090367,1
video9682.webm,0.8834269452022936,1
video9696.webm,0.8898746704346753,1
video9697.webm,0.892688415176047,1
video97.webm,0.8882283040527609,1
video9700.webm,0.8629000363727526,1
video971.webm,0.8869035255139863,1
video9713.webm,0.8885098404917802,1
video9721.webm,0.8244723248537298,1
video9722.webm,0.8989891762556342,1
video9724.webm,0.858943126063373,1
video9726.webm,0.9062208236080975,1
video9727.webm,0.8820505577971518,1
video9728.webm,0.9041720148278716,1
video973.webm,0.8619585162704885,1
video9734.webm,0.8163600547193929,1
video9735.webm,0.8751781965980299,1
video9750.webm,0.8789498742308369,1
video9759.webm,0.8659106810959761,1
video9761.webm,0.8940435180247195,1
video9763.webm,0.7222911248852187,1
video977.webm,0.8805459736245723,1
video9770.webm,0.8444662932760145,1
video9774.webm,0.8807128396370979,1
video9775.webm,0.8501881835562546,1
video9777.webm,0.8901958412344207,1
video978.webm,0.8765875739055818,1
video9784.webm,0.8134857054803549,1
video979.webm,0.8450605125068964,1
video9791.webm,0.8802713256724907,1
video9794.webm,0.8689179741470137,1
video9798.webm,0.8413758053558891,1
video98.webm,0.8739682676178459,1
video9800.webm,0.8678681493160039,1
video9804.webm,0.8158347579942722,1
video9811.webm,0.8687630760081358,1
video9814.webm,0.9291616480869878,1
video9817.webm,0.8108010244777943,1
video9818.webm,0.8230929804396232,1
video9830.webm,0.8034652346776905,1
video9836.webm,0.8774282355006312,1
video9837.webm,0.8917849610801731,1
video9841.webm,0.8774343351712697,1
video9863.webm,0.8803235650003483,1
video9865.webm,0.8518951988721384,1
video9866.webm,0.9117779223361652,1
video9867.webm,0.8719428230129789,1
video9868.webm,0.9028716223012967,1
video9869.webm,0.7681085288871234,1
video987.webm,0.8876295904393058,1
video9880.webm,0.8683542129455987,1
video9882.webm,0.8711135919441032,1
video9886.webm,0.8869573916891491,1
video9887.webm,0.8490209350686729,1
video989.webm,0.8914662378667786,1
video9899.webm,0.9040189798376446,1
video99.webm,0.8331833572188782,1
video9902.webm,0.8545159669107882,1
video9910.webm,0.8233293915663934,1
video9911.webm,0.8574222350429722,1
video9912.webm,0.8763722692785495,1
video9916.webm,0.8898856974712492,1
video9919.webm,0.7669774590659544,1
video9921.webm,0.8958570656814189,1
video9922.webm,0.9112549682227534,1
video9924.webm,0.9065057741067553,1
video9933.webm,0.8643815407837068,1
video9934.webm,0.8436618212230648,1
video9937.webm,0.873466169316072,1
video9941.webm,0.8640700803186847,1
video9947.webm,0.833290400666031,1
video9953.webm,0.840730411948904,1
video9955.webm,0.8783955118746554,1
video996.webm,0.8475261380729919,1
video9962.webm,0.8337486292520928,1
video9973.webm,0.9160890392700393,1
video9978.webm,0.8632496588721507,1
video9979.webm,0.8618512187751024,1
